inventor,patents,coworkers_patents
ABBAS QAMAR,2,7.0
ABRAMOWICZ AGNIESZKA,5,6.833333333333333
ABRAMSKI KRZYSZTOF,3,2.625
ACHMATOWICZ BARBARA,2,13.25
ACHMATOWICZ OSMAN,11,9.5
ADAMCZAK STANISLAW,1,1.0
ADAMCZEWSKA VIOLETTA,6,24.0
ADAMCZEWSKI TOMASZ,2,1.0
ADAMCZYK FLORIAN,6,19.0
ADAMCZYK JAN,5,1.0
ADAMCZYK MAREK,12,3.0
ADAMSKA EWELINA,10,26.0
ADAMSKI ANDRZEJ,5,8.428571428571429
ADAMSKI PAWEL,40,12.5
ADAMUS JAN,21,25.25
AKSIENIONEK MAGDALENA,5,4.666666666666667
AL-NEDAWI KHALID,19,22.0
ALBINSKA JADWIGA,5,1.0
ALEKSANDRZAK-PIEKARCZYK TAMARA,5,9.5
AMBICKA ALEKSANDRA,2,2.95
AMBROZIAK SLAWOMIR,1,5.333333333333333
AMBROZIAK WOJCIECH,7,4.0
AMROZIK PIOTR,1,4.7
ANDRUSZKIEWICZ RYSZARD,35,27.473684210526315
ANDRYS DOMINIKA,1,1.0
ANDRYSZEWSKI TOMASZ,1,3.3333333333333335
ANDRZEJEWSKA MARIOLA,5,4.5
ANGIELSKI STEFAN,4,4.0
ANIGACZ WOJCIECH,3,3.0
ANTONCZAK ARKADIUSZ,3,2.0
ANTONIAK-JURAK KATARZYNA,2,4.5
ANTOSZKIEWICZ MICHAL,1,1.0
ANYSZKIEWICZ KRYSTYNA,2,2.6666666666666665
APPELHANS DIETMAR,31,11.0
ARABSKI MICHAL,3,3.0
ARKUSZ JOANNA,6,5.5
ATRASZKIEWICZ RADOMIR,9,13.75
AUGUSTIN EWA,4,7.375
AWSIUK KAMIL,1,1.2307692307692308
BABOUT LAURENT,1,2.0
BACZEK TOMASZ,1,14.375
BADOWSKA-ROSLONEK KATARZYNA,7,9.0
BAJ ANETA,7,13.923076923076923
BAJ JADWIGA,1,1.7692307692307692
BAJERSKI ANDRZEJ,1,1.0
BAJOREK JERZY,1,2.0
BAJRASZEWSKI TOMASZ,40,20.40449438202247
BAKIERSKA MONIKA,2,4.782608695652174
BAKUN MAGDALENA,1,2.0
BAL WOJCIECH,13,4.0
BALCEREK PRZEMYSLAW,59,17.666666666666668
BALCEROWIAK WOJCIECH,8,14.0
BALCZEWSKI PIOTR,8,2.3333333333333335
BALDYGA JERZY,5,9.0
BALEJKO JERZY,3,3.0
BALICKI ROMAN,7,12.8
BANASIAK ROBERT,1,1.0
BANASZAK KATARZYNA,6,5.5
BANKOWSKI WOJCIECH,2,3.0
BARAN MARCIN,13,7.0
BARAN PIOTR,5,4.0
BARANIAK DAGMARA,6,23.0
BARANIAK JANINA,3,7.24
BARANOWSKA MARIA,8,8.0
BARANOWSKI JACEK,5,54.0
BARANOWSKI MIKOLAJ,9,5.666666666666667
BARANSKA SYLWIA,8,6.333333333333333
BARCISZEWSKA MIROSLAWA,4,20.666666666666668
BARCISZEWSKI JAN,26,19.846153846153847
BARDOWSKI JACEK,11,4.4
BARSKI PIOTR,7,14.0
BARTH MAREK,6,5.0
BARTKOWIAK ARTUR,26,2.4
BARTNICKI FILIP,10,10.8
BARTNICKI JAROSLAW,1,7.0
BARTOSIK DARIUSZ,1,3.5238095238095237
BARTOSIK MAREK,1,1.75
BARTOSZEWICZ AGNIESZKA,6,6.0
BARYS MACIEJ,1,1.0
BATOG JOLANTA,3,6.8
BATSCH ADAM,1,1.0
BEDNAREK ELZBIETA,4,6.0
BEDNARKIEWICZ ARTUR,15,21.53846153846154
BEDNARSKI MAREK,6,8.142857142857142
BEGUIN FRANCOIS,7,14.0
BELTER AGNIESZKA,3,13.75
BENKE GRZEGORZ,2,2.0
BENTKOWSKI ZDZISLAW,1,1.0
BERETA JOANNA,3,5.470588235294118
BERETA MICHAL,8,3.2222222222222223
BERKOWSKI MAREK,2,1.7
BEUZEN NICOLAS,8,19.09090909090909
BIEDUNKIEWICZ ANNA,3,4.142857142857143
BIELANSKA ELZBIETA,5,9.0
BIELANSKI ADAM,1,1.0
BIELECKA URSZULA,1,2.0
BIELECKI STANISLAW,6,4.090909090909091
BIENIASZ WERONIKA,2,11.8
BIENIEK MICHAL,40,39.0
BIENKIEWICZ GRZEGORZ,2,2.0
BIENKOWSKA-SZEWCZYK KRYSTYNA,1,14.933333333333334
BIENKOWSKI KRZYSZTOF,1,1.25
BIENKOWSKI PRZEMYSLAW,1,49.2
BIERCZYNSKA-KRZYSIK ANNA,5,2.6666666666666665
BIGDA JUSTYNA,1,8.5
BILEWICZ ALEKSANDER,4,3.176470588235294
BINCZYK FRANCISZEK,2,2.2
BINIAS DOROTA,1,3.6666666666666665
BINKOWSKI MARCIN,5,1.5
BISKUPSKI ANDRZEJ,3,3.6666666666666665
BLASIAK WLODZIMIERZ,15,1.0
BLASINSKA ANNA,2,6.5
BLASINSKI HENRYK,6,1.6666666666666667
BLASZCZYK LESZEK,1,1.0
BLAZIAK DAMIAN,3,5.5
BLOCH SYLWIA,1,9.142857142857142
BLOCKI NARCYZ,2,16.2
BOBER DARIUSZ,1,3.0
BOBER LESZEK,1,1.0
BOBOWICZ MACIEJ,1,2.0
BOCHNIA MAREK,17,15.9
BOCHNIAK WLODZIMIERZ,11,13.0
BOCHTLER MATTHIAS,9,3.5
BOCIAN SZYMON,1,1.0
BOCIAN WOJCIECH,4,7.0
BOCKOWSKI MICHAL,16,18.285714285714285
BOCZKOWSKA ANNA,2,5.0
BODZIACHOWSKA-PANFIL MAGDALENA,1,18.375
BODZIOCH AGNIESZKA,1,6.5
BODZIONY TOMASZ,1,1.0
BOGDANIS GEORGIS,1,7.666666666666667
BOGDANOWICZ ROBERT,3,2.875
BOGIEL MONIKA,12,12.5
BOGUSZEWSKA-CHACHULSKA ANNA,3,3.0
BOJAKOWSKI KRZYSZTOF,7,2.0
BOJARSKI JERZY,1,11.5
BOJARSKI LUKASZ,8,2.0
BOLEK PAULINA,3,7.0
BONAR EMILIA,1,1.75
BONCLER MAGDALENA,2,3.130434782608696
BONTEMPS-GRACZ MARIA,5,37.857142857142854
BORATYNSKI JANUSZ,16,11.0
BOREK ALEKSANDER,15,2.5
BORODZINSKI ANDRZEJ,1,3.769230769230769
BOROWA-MAZGAJ BARBARA,4,4.125
BOROWSKI EDWARD,79,12.4
BOROWSKI JERZY,3,2.3333333333333335
BOROWSKI TOMASZ,1,3.0
BORSUKIEWICZ-GOZDUR ALEKSANDRA,4,1.1666666666666667
BORTEL EDGAR,5,4.8125
BORYCKA KATARZYNA,2,4.75
BORYSIAK SLAWOMIR,2,2.9
BORYSKI JERZY,5,22.333333333333332
BORYSOWSKI JAN,5,33.7037037037037
BRANSKI PIOTR,1,1.0
BRATOSZEWSKI PIOTR,1,8.4375
BRETNER MARIA,4,8.0
BRINDELL MALGORZATA,2,17.571428571428573
BRONIKOWSKI TADEUSZ,4,2.75
BRYJAK MAREK,6,1.0
BRYL EWA,1,3.0
BRYSZEWSKA MARIA,14,5.6
BRZESKI LECH,1,1.0
BRZEZINSKI JERZY,4,1.0
BRZOZKA KRZYSZTOF,28,16.3
BRZOZOWSKA EWA,5,29.375
BRZOZOWSKI ZBIGNIEW,11,1.0
BRZOZOWSKI ZDZISLAW,1,2.0
BRZYCHCZY-WLOCH MONIKA,14,9.476190476190476
BUCHALSKA MARTA,8,15.08
BUCKI ADAM,30,23.166666666666668
BUCZKO WLODZIMIERZ,1,6.833333333333333
BUCZYNSKI RYSZARD,11,4.516129032258065
BUDKOWSKI ANDRZEJ,1,2.0
BUDNIAK ADAM,3,1.0
BUDNICKI DAWID,1,18.137931034482758
BUDYNEK PAULINA,6,31.0
BUDZIOCH JANUSZ,5,4.857142857142857
BUDZKO LUCYNA,4,10.066666666666666
BUGNO RYSZARD,3,5.0
BUJAK IWONA,3,8.0
BUJAK-GIZYCKA BEATA,4,3.8
BUJNICKI JANUSZ,22,9.0
BUJNOWSKA BOZENA,1,1.0
BUJNOWSKA ELZBIETA,10,9.444444444444445
BUJNOWSKI KRZYSZTOF,5,7.0
BUKATO KATARZYNA,1,16.875
BUKOWSKI MICHAL,2,1.6666666666666667
BULANDA MALGORZATA,3,11.571428571428571
BULKOWSKA URSZULA,7,1.0
BULWAN MARIA,1,19.214285714285715
BURATOWSKI TOMASZ,4,5.85
BURDZINSKA ANNA,1,4.458333333333333
BURNAT GRZEGORZ,1,2.0
BURZYNSKA BEATA,2,2.0
BUSZEWSKI BOGUSLAW,1,1.0
BUZALEWICZ IGOR,7,3.0
BYCZKOWSKA PAULINA,1,1.0
BYCZYNSKA MALGORZATA,1,4.666666666666667
BYKOWSKI DOMINIK,2,2.3333333333333335
BYLEC ELZBIETA,8,48.0
BYLICKI ANDRZEJ,5,3.0
BYLINA ANDRZEJ,2,8.0
BYRSKI TOMASZ,19,18.636363636363637
BYSTRZEJEWSKI MICHAL,1,1.0
BZOWSKA MONIKA,1,4.2
CADER MACIEJ,2,2.6666666666666665
CAKALA STANISLAW,1,1.0
CAR HALINA,1,1.0
CECEK JACEK,7,25.333333333333332
CECUDA-ADAMCZEWSKA VIOLETTA,10,18.071428571428573
CEDZYNSKI MACIEJ,4,8.382352941176471
CEGIELSKI MAREK,17,6.0
CEGLA MAREK,2,9.428571428571429
CEL WOJCIECH,6,8.857142857142858
CELEBANSKA ANNA,1,2.7096774193548385
CELEWICZ LECH,30,12.833333333333334
CEMPEL CZESLAW,9,9.0
CEREMUGA MICHAL,13,15.0
CHABOWSKA IZABELA,5,28.5
CHAJDUK EWELINA,2,2.375
CHANIECKI ZBIGNIEW,1,1.3265306122448979
CHELUSZKA PIOTR,1,1.9090909090909092
CHILMONCZYK ZDZISLAW,1,13.705882352941176
CHLEBDA DAMIAN,2,2.75
CHLEWICKI WOJCIECH,3,8.5
CHLOPEK ZDZISLAW,2,5.0
CHLOPICKI STEFAN,57,12.0
CHLUDZINSKI DANIEL,6,7.2
CHMARA HENRYK,11,48.724137931034484
CHMIELEWSKA EWA,1,7.285714285714286
CHMIELEWSKI MARCIN,26,13.0
CHMIELEWSKI MAREK,9,4.5
CHMIELOWIEC JACEK,5,7.333333333333333
CHMIELOWIEC URSZULA,2,5.0
CHMIELOWSKI MICHA,1,1.0
CHODARA AGNIESZKA,1,9.6
CHODYNSKI MICHAL,26,19.142857142857142
CHOJECKA-KORYN EWA,1,49.0
CHOJNACKI JERZY,21,13.0
CHOJNACKI RAJMUND,2,13.0
CHOJNACKI TADEUSZ,2,5.0
CHOLEWA WOJCIECH,1,3.0
CHOMICZ-MANKA LIDIA,1,11.5
CHOROBIK PAULINA,5,2.111111111111111
CHOROSZY-KROL IRENA,3,4.0
CHOROWSKI MACIEJ,2,3.0
CHRAPKIEWICZ RADOSLAW,1,2.473684210526316
CHROBOCZEK JADWIGA,24,4.666666666666667
CHROSCICKA ANNA,4,5.0
CHRUSCIEL JERZY,1,3.3333333333333335
CHRZANOWSKI MICHAL,7,11.0
CHRZASZCZ RYSZARD,2,18.25
CHUDOBA TADEUSZ,14,10.944444444444445
CHURSKI KRZYSZTOF,5,45.125
CHWOROS ARKADIUSZ,5,25.333333333333332
CHYC MAREK,2,2.0
CIACH TOMASZ,11,13.0
CICHOS JAKUB,1,2.5555555555555554
CICHOWSKI JANUSZ,1,8.631578947368421
CICHY BARBARA,2,2.8
CICHY JOANNA,1,44.857142857142854
CIEBIADA IRENEUSZ,2,31.666666666666668
CIECHANSKA DANUTA,26,15.857142857142858
CIEJKA JUSTYNA,7,24.952380952380953
CIEPLUCHA AGNIESZKA,5,6.0
CIESIOLKA JERZY,1,1.8
CIESLAK JERZY,3,4.75
CIESLAK MARCIN,6,2.0
CIESLICKI KRZYSZTOF,1,1.0
CIEZKOWSKA MARTYNA,8,7.875
CIOSEK MARCIN,8,19.0
CISLO ROMUALDA,2,13.0
CISZEWSKI KRZYSZTOF,6,30.0
CISZEWSKI TADEUSZ,2,3.0
CIUK TYMOTEUSZ,2,5.888888888888889
CIUNIK ZBIGNIEW,1,1.0
CIUPIK LECHOSLAW,49,11.333333333333334
CLAPA JAKUB,1,3.25
CMOCH PIOTR,15,23.0
CWAJNA JAN,2,1.8
CWALINA BEATA,1,1.5
CYBULA ANNA,7,7.9
CYBULARCZYK MARTYNA,1,2.0
CYBULSKI ANDRZEJ,9,4.333333333333333
CYBULSKI CEZARY,16,20.323529411764707
CYBULSKI JACEK,1,12.8
CYBULSKI MARCIN,19,13.615384615384615
CYNKOWSKA GRAZYNA,47,6.0
CZACZYK KATARZYNA,2,2.5
CZAJKA PIOTR,8,8.5
CZAPIGA BOGDAN,1,1.25
CZAPLICKA KRYSTYNA,1,15.0
CZAPLICKI ZDZISLAW,4,4.0
CZARDYBON WOJCIECH,27,10.875
CZARNECKA-KOMOROWSKA DOROTA,2,10.5
CZARNECKI JAKUB,1,1.3333333333333333
CZARNECKI JAN,14,5.0
CZARNECKI PIOTR,21,11.0
CZARNECKI RYSZARD,1,1.0
CZARNOCKI ZBIGNIEW,8,4.4
CZARNOWSKA ELZBIETA,1,3.0
CZARNY RAFAL,3,3.0
CZARTORYSKA BARBARA,7,10.1875
CZECH-POLAK JUSTYNA,2,5.8
CZECHOWSKI TOMASZ,10,5.4
CZEKALSKA MAGDALENA,2,40.0
CZERMAK ADAM,2,10.0
CZERNIAK KAMIL,1,12.5
CZERNIECKA-KUBICKA ANNA,1,2.0
CZERWIEC WOJCIECH,1,1.0
CZERWINSKA MONIKA,4,22.0
CZERWINSKI ANDRZEJ,1,35.54545454545455
CZERWOSZ ELZBIETA,1,5.333333333333333
CZOGALLA ALEKSANDER,1,2.5714285714285716
CZOPEK ANNA,1,5.5
CZUPRYNSKI KRZYSZTOF,2,12.5
CZYZEWSKA LIDIA,3,8.25
CZYZEWSKI ANDRZEJ,14,7.454545454545454
DABEK IZABELA,9,60.5
DABKOWSKI WOJCIECH,4,18.8
DABROS TADEUSZ,1,14.0
DABROWSKA KRYSTYNA,6,27.714285714285715
DABROWSKA MAGDALENA,1,11.666666666666666
DABROWSKA SYLWIA,1,14.0
DABROWSKA-TUMANSKA ELZBIETA,2,10.333333333333334
DABROWSKI ADAM,1,10.0
DABROWSKI JAROSLAW,31,11.0
DABROWSKI MICHAL,1,2.3333333333333335
DABROWSKI ROMAN,24,2.8333333333333335
DACA-ROSZAK PATRYCJA,1,1.2857142857142858
DADLEZ MICHAL,2,6.428571428571429
DAMAZIAK KRZYSZTOF,1,3.75
DAMS IWONA,3,14.75
DANEL ANDRZEJ,5,4.384615384615385
DANIELEWICZ REGINA,6,16.25
DANILECKI ARKADIUSZ,1,1.6
DANOWSKA MAGDALENA,5,2.6785714285714284
DAROWSKI MAREK,6,3.6666666666666665
DARZYNKIEWICZ EDWARD,24,13.875
DASTYCH JAROSLAW,24,4.909090909090909
DATTA JANUSZ,2,1.6153846153846154
DAWIDCZYK PIOTR,4,1.0
DEBEK CEZARY,1,1.0
DEBNIAK TADEUSZ,15,19.473684210526315
DEBOWSKI MACIEJ,1,1.0
DEBOWSKI MARCIN,4,9.0
DEBSKI JANUSZ,1,7.0
DEBSKI PAWEL,17,31.333333333333332
DEMBKOWSKI LESZEK,12,9.6
DENDA HUBERT,1,1.0
DENYS ANDRZEJ,2,31.666666666666668
DEPTULA ANDRZEJ,4,2.125
DEREWONKO AGNIESZKA,3,4.333333333333333
DMOWSKA GRAZYNA,1,1.0
DOBRIANSKI JURIJ,6,7.0
DOBROWOLSKI JAN,1,1.0
DOBRUCKI WLADYSLAW,3,3.0
DOBRZYNSKI PIOTR,2,3.12
DOLEGOWSKA BARBARA,4,9.0
DOLIPSKI MARIAN,1,1.8571428571428572
DOMANSKA-JANIK KRYSTYNA,1,1.0
DOMANSKI KRZYSZTOF,51,6.333333333333333
DOMANSKI MAREK,38,27.333333333333332
DOMINIKOWSKI WLODZIMIERZ,2,2.0
DOMZAL JERZY,5,12.727272727272727
DONER KATARZYNA,1,2.6666666666666665
DORADZINSKI ROMAN,128,76.6
DRABENT KRZYSZTOF,1,1.6428571428571428
DRAMINSKI MICHAL,2,15.0
DRAZKOWSKA KAROLINA,4,4.0
DREAS AGNIESZKA,15,27.5
DRELA NADZIEJA,1,2.076923076923077
DREWNIAK LUKASZ,12,9.142857142857142
DROZD ALEKSANDRA,5,1.0
DROZD DOMINIK,4,38.5
DROZD-RZOSKA ALEKSANDRA,1,2.0
DROZDEK MAREK,5,7.0
DROZYNSKI DARIUSZ,1,2.25
DRYGAS JERZY,5,28.0
DRZEWINSKI WITOLD,6,13.666666666666666
DRZYMALA STANISLAW,1,2.0
DUBIN ADAM,1,3.6153846153846154
DUBIN GRZEGORZ,2,4.34
DUDA MICHAL,8,6.0
DUDZIEC BEATA,21,42.48780487804878
DUDZIK GRZEGORZ,1,2.108108108108108
DUDZINSKI KRZYSZTOF,25,5.0
DUL JAN,2,3.0
DULAK JOZEF,4,4.0476190476190474
DULINSKI ZBIGNIEW,4,10.5
DULKIEWICZ PIOTR,6,18.0
DUNIEC KAMILA,3,4.0
DWILINSKI ROBERT,120,39.27777777777778
DWORNICZEK EWA,3,2.5625
DWORNIKOWSKI DARIUSZ,1,3.142857142857143
DYBOWSKI BARTOSZ,1,1.0
DYBOWSKI KONRAD,9,28.375
DYCZEWSKI MICHAL,2,4.0
DYJAK SLAWOMIR,1,2.0
DYMECKA KINGA,2,2.5
DYMERSKI TOMASZ,1,1.0
DZIACHAN MACIEJ,6,23.25
DZIADEK JAROSLAW,12,6.666666666666667
DZIADUSZEK JERZY,18,14.0
DZIADZIUSZKO RAFAL,7,13.0
DZIECIELEWSKI IGOR,7,16.714285714285715
DZIEDUSZYCKA MARIA,6,42.142857142857146
DZIEDZIC MAGDALENA,2,6.588235294117647
DZIEDZIC PIOTR,1,4.0
DZIEDZICKA ANNA,2,3.0
DZIEDZIECH KAJETAN,1,4.428571428571429
DZIEGIEL PIOTR,6,6.76
DZIEGIELEWSKI MAREK,2,6.0
DZIEMBAJ ROMAN,5,4.695652173913044
DZIEMBOWSKI ANDRZEJ,4,4.0
DZIENIA ANDRZEJ,2,20.0
DZIERZBA KATARZYNA,6,18.058823529411764
DZIEWISZEK WOJCIECH,17,15.9
DZIEWIT LUKASZ,1,6.821428571428571
DZIEWULSKI PAWEL,1,4.666666666666667
DZIK TOMASZ,3,1.0
DZIUBAN JAN,2,1.0
DZIUBINSKI MAREK,27,10.8
DZIURDZIA BARBARA,9,7.666666666666667
DZIWINSKI EUZEBIUSZ,1,1.75
DZWOLAK WOJCIECH,1,1.2
DZWONEK KAROLINA,10,32.55555555555556
DZWONKOWSKI JANUSZ,1,4.666666666666667
ECKSTEIN MARIAN,2,2.0
EMPEL JOANNA,5,4.857142857142857
EPSZTAJN JAN,1,1.7777777777777777
FABISZEWSKA AGATA,5,7.666666666666667
FAC-DABROWSKA KAJA,2,14.0
FALKOWSKI LEONARD,26,41.0
FALKUS JAN,1,1.0
FEDER MARCIN,7,22.0
FEDORCZYK BARTLOMIEJ,5,4.4
FEDORUK-WYSZOMIRSKA AGNIESZKA,7,19.696969696969695
FEDUNIEWICZ-ZMUDA ANNA,5,14.333333333333334
FEJGIN JERZY,1,4.0
FIALKOWSKA EDYTA,5,1.0
FIALKOWSKI MARCIN,5,5.8
FIALKOWSKI WOJCIECH,1,5.0
FIC KRZYSZTOF,1,11.27027027027027
FICHNA JAKUB,1,6.0
FIDELUS JANUSZ,9,14.5
FIEDOROW RYSZARD,4,17.428571428571427
FIEDOT MARTA,1,1.0
FIGA JAN,3,1.0
FIGIEL PAWEL,1,4.4
FIGLEROWICZ MAREK,17,4.2592592592592595
FIGURA GRZEGORZ,3,5.0
FIJALKOWSKI KAROL,9,2.0
FILIP KATARZYNA,7,32.5
FILIP-PSURSKA BEATA,3,26.896551724137932
FILIPEK AGNIESZKA,4,26.666666666666668
FILIPEK ANNA,1,2.4285714285714284
FILIPEK SLAWOMIR,8,5.6
FIRCZUK MALGORZATA,1,9.222222222222221
FISZER AGNIESZKA,5,7.6
FITAK HANNA,23,51.5
FLIS JANUSZ,1,1.0
FLIS-KABULSKA IWONA,1,2.5
FLORCZUK WOJCIECH,1,4.25
FLORJANCZYK ZBIGNIEW,1,5.157894736842105
FLORKOWSKI MAREK,24,11.0
FLORYS KATARZYNA,10,16.677419354838708
FOJUTOWSKI ANDRZEJ,1,15.4
FOLEK STANISLAW,2,2.0
FORMANEK BOLESLAW,1,1.0
FORMELA ADAM,4,55.5
FORNALIK-WAJS ELZBIETA,1,1.0
FORONCEWICZ BARTOSZ,3,5.128205128205129
FORTUNA WOJCIECH,1,19.2
FOSZCZ DARIUSZ,1,1.0
FRACKOWIAK ELZBIETA,14,5.166666666666667
FRACKOWIAK RENATA,2,2.0
FRACZ WIESLAW,1,3.0
FRANCZYK ADRIAN,4,54.0625
FRANCZYK EWELINA,3,5.0
FRANIAK-PIETRYGA IDA,12,10.793103448275861
FRANICZEK ROMAN,3,6.769230769230769
FRANKOWSKI ANDRZEJ,1,39.0
FRANUS WOJCIECH,1,2.0
FULCZYK MAREK,58,57.93333333333333
FURMAN BARTLOMIEJ,7,5.638888888888889
FURMANIK KAZIMIERZ,2,2.0
FYDA JANUSZ,3,3.760869565217391
GABIG-CIMINSKA MAGDALENA,1,12.28
GABRIEL-POLROLNICZAK URSZULA,1,5.333333333333333
GABRYELEWICZ TOMASZ,1,4.666666666666667
GAJ PAWEL,1,9.0
GAJC MARCIN,2,1.5714285714285714
GAJDA JANUSZ,2,3.0
GAJDA MARIUSZ,4,1.0
GAJEWSKI PIOTR,1,1.4285714285714286
GAJEWSKI WLADYSLAW,1,15.333333333333334
GALA KAMILA,2,3.9545454545454546
GALAS JACEK,17,10.933333333333334
GALESKI ANDRZEJ,12,8.857142857142858
GALEZOWSKI MICHAL,35,36.0
GALINA HENRYK,4,6.25
GALKA JAKUB,1,10.2
GALKA-MARCINIAK PAULINA,4,4.25
GAMBIN WIKTOR,1,4.666666666666667
GAMIAN ANDRZEJ,44,6.75
GANCARZ ROMAN,2,7.75
GARBARCZYK JOZEF,2,5.428571428571429
GARBAT KATARZYNA,2,3.0
GARBATOWSKI WIESLAW,9,9.0
GARBICZ DAMIAN,2,2.4166666666666665
GARCZAREK PIOTR,1,5.0
GARDAS MATEUSZ,1,3.0
GARDZINSKI PAWEL,2,3.9444444444444446
GARSTECKI PIOTR,66,13.058823529411764
GARSTKA MACIEJ,1,6.2
GASZTYCH DIONIZY,1,4.0
GAWARECKA KATARZYNA,2,3.5
GAWDZINSKA KATARZYNA,2,2.5
GAWENDA TOMASZ,1,1.0
GAWIN RAFAL,10,49.0
GAWLIK WOJCIECH,1,3.0
GAWLIKOWSKI MACIEJ,1,3.0
GAWOR JAN,4,4.0
GAWORSKA-KONIAREK DOMINIKA,2,3.8
GAWRONSKA IWONA,4,4.0
GAWRONSKA-SZKLARZ BARBARA,3,1.3
GAZDOWICZ GRZEGORZ,1,2.0
GDULA PAWEL,1,6.0
GEBAROWSKA KATARZYNA,2,2.5
GEBICKI JERZY,72,17.5
GEWARTOWSKI KAMIL,9,35.0
GIECZEWSKA KATARZYNA,1,1.0
GIEL-PIETRASZUK MALGORZATA,4,19.217391304347824
GIELARA-KORZANSKA AGNIESZKA,4,4.5
GIELETA ROMAN,3,3.2758620689655173
GIERALTOWSKA SYLWIA,10,8.857142857142858
GIERLIKOWSKI WOJCIECH,2,2.125
GIERLOTKA STANISLAW,8,10.8
GIL BARBARA,3,6.2
GIL MALGORZATA,3,2.0
GILNER DANUTA,10,9.25
GINALSKI KRZYSZTOF,1,11.75
GLICE MAGDALENA,11,17.0
GLINIEWICZ BARTLOMIEJ,5,5.0
GLISCINSKA EULALIA,1,8.125
GLOWINSKA AGNIESZKA,1,55.0
GNAROWSKI WLODZIMIERZ,4,3.5
GNYBA MARCIN,2,2.6315789473684212
GODLEWSKI MAREK,10,6.5
GOLAB JAKUB,9,5.285714285714286
GOLANSKI JACEK,2,3.4
GOLDA ADAM,1,5.0
GOLDA-CEPA MONIKA,2,15.0
GOLEBIEWSKI JAN,1,8.333333333333334
GOLEBIOWSKI ADAM,118,2.3333333333333335
GOLIK JERZY,84,54.90909090909091
GOLINSKI JERZY,1,11.8
GOLUNSKI LUKASZ,1,15.666666666666666
GONDELA ANDRZEJ,7,3.782608695652174
GONET ANDRZEJ,4,3.0
GONSIOR MALGORZATA,2,14.0
GORA JOZEF,1,6.0
GORA MONIKA,2,2.0
GORA-SOCHACKA ANNA,9,10.833333333333334
GORCZYCA GRZEGORZ,8,5.230769230769231
GORCZYNSKA IWONA,1,24.07894736842105
GORECKI PAWEL,5,1.0
GORECKI WOJCIECH,1,17.333333333333332
GORNY ZBIGNIEW,2,5.0
GORSKI ANDRZEJ,56,11.0
GORSKI BOHDAN,14,17.7
GORSKI KRZYSZTOF,2,1.0
GORZKIEWICZ MICHAL,1,7.9
GOSIEWSKI KRZYSZTOF,6,42.0
GOSIEWSKI TOMASZ,12,8.538461538461538
GOTFRYD LESZEK,2,2.0
GOZDEK AGNIESZKA,11,6.25
GRABIEC PIOTR,13,27.46153846153846
GRABOWSKA ANNA,11,2.0
GRABOWSKA BEATA,3,3.375
GRABOWSKA EWELINA,7,5.333333333333333
GRABOWSKA IWONA,7,2.3333333333333335
GRABOWSKA KAROLINA,2,15.25
GRABOWSKA KATARZYNA,2,1.0
GRABOWSKI KAMIL,3,2.0
GRABOWSKI MACIEJ,1,1.6
GRACZYK ALFREDA,8,3.125
GRADON LEON,32,8.333333333333334
GRADON RYSZARD,2,6.0
GRAJEK TOMASZ,23,27.157894736842106
GRAJEK WLODZIMIERZ,2,1.6
GRAJKOWSKI ANDRZEJ,19,14.0
GRAJKOWSKI WOJCIECH,5,4.555555555555555
GRALEC BARBARA,5,15.666666666666666
GRAMSZ JERZY,2,22.5
GRANKOWSKI NIKODEM,1,1.5
GRANOWSKI ROBERT,9,9.0
GRASSMANN KAMIL,8,8.0
GRASZA KRZYSZTOF,2,2.4545454545454546
GREBOWICZ JANUSZ,1,3.5
GREGOROWICZ JACEK,3,3.5
GRELA KAROL,65,10.0
GRIEB PAWEL,2,6.333333333333333
GROBELNY DAMIAN,41,10.0
GROCHOWINA MARCIN,18,4.5
GROCHOWSKI JACEK,5,2.6666666666666665
GRODNER JACEK,3,27.0
GRODZIK MARTA,3,3.7384615384615385
GROLIER JEAN-PIERRE,3,10.0
GROMADKA ROBERT,4,5.235294117647059
GROMADZKA BEATA,9,11.6
GRONWALD JACEK,19,25.2
GROSMAN FRANCISZEK,2,8.75
GRUDZIEN KRZYSZTOF,1,2.8260869565217392
GRUZA MARIUSZ,12,10.8
GRYBOS RYSZARD,1,1.0
GRYCHOWSKA KATARZYNA,10,23.7
GRYCZAN PIOTR,1,1.0
GRYGIELEWICZ PAULINA,9,21.137931034482758
GRYGLEWICZ GRAZYNA,1,1.0
GRYGORCZUK JERZY,9,5.0
GRYKO DANIEL,36,35.0
GRYKO ROMUALD,5,5.625
GRYNKIEWICZ GRZEGORZ,49,42.25
GRYSA KRZYSZTOF,3,6.0
GRZANKA SZYMON,2,11.8
GRZEBIENIAK KAROLINA,9,1.0
GRZEGORCZYK MONIKA,2,2.75
GRZEGORY IZABELLA,35,18.22222222222222
GRZELAK KRYSTYNA,3,2.7142857142857144
GRZESIUK ELZBIETA,2,14.0
GRZESZCZYK BARBARA,2,9.083333333333334
GRZYBEK GABRIELA,1,11.25
GRZYBKOWSKI WACLAW,3,2.1666666666666665
GRZYBOWSKA JOLANTA,12,36.07692307692308
GRZYWA EDWARD,22,12.0
GRZYWA RENATA,1,11.25
GRZYWACZ MARCIN,1,1.0
GUBERNATOR JERZY,9,6.25
GUDRA TADEUSZ,3,2.0
GUDYKA SYLWIA,1,7.375
GULAJSKI LUKASZ,10,43.95652173913044
GUMIENIAK JERZY,2,28.166666666666668
GUMULA STANISLAW,37,8.0
GUNERKA PAWEL,7,21.75
GUNIA AGNIESZKA,2,7.5
GUT-WINIARSKA MONIKA,1,1.0
GUZENDA PIOTR,5,32.333333333333336
GUZIALOWSKA-TIC JOANNA,1,1.0
GUZOW KATARZYNA,1,1.0
GUZOWSKI JAN,1,66.0
HABER JERZY,12,13.0
HAC ALEKSANDRA,1,8.857142857142858
HALAGAN KRZYSZTOF,4,5.5
HALAMA AGNIESZKA,2,3.466666666666667
HAMANKIEWICZ BARTOSZ,1,2.25
HANDZLIK JADWIGA,2,10.8
HAPONIUK JOZEF,5,1.875
HAS ZDZISLAW,4,21.5
HECZKO PIOTR,24,15.75
HEJNA ALEKSANDER,1,3.6176470588235294
HELLER KRZYSZTOF,1,3.75
HENCZKA MAREK,2,3.888888888888889
HENECZKOWSKI MACIEJ,8,5.633333333333334
HETMANCZYK MAREK,2,1.0
HETPER JACEK,4,2.6
HINC KRZYSZTOF,3,3.8378378378378377
HOFFMANN PIOTR,2,5.555555555555555
HOGENDORF ADAM,2,5.5
HOGENDORF AGATA,2,5.1
HOJA JERZY,6,3.6666666666666665
HOLDYNSKI ZBIGNIEW,22,21.61111111111111
HOLENKO MATEUSZ,1,1.3333333333333333
HOLTZER MARIUSZ,9,3.75
HOLUB MARCIN,1,2.5
HOLYST ROBERT,18,11.0
HOREGLAD PAWEL,1,3.0
HORODECKA RENATA,1,2.0
HOROWSKA BARBARA,6,31.75
HOTOWY ANNA,3,3.7555555555555555
HRECZUCH WIESLAW,7,5.0
HRECZYCHO GRZEGORZ,4,87.0
HRENIAK DARIUSZ,13,19.476190476190474
HRYNIEWICZ WALERIA,5,2.6666666666666665
HUPKA JAN,14,9.875
HUYNH TAN-PHAT,4,4.0
HUZARSKI TOMASZ,18,17.087719298245613
HYZ KAROLINA,4,5.083333333333333
IGRAS JANUSZ,1,7.5
INDYKA PAULINA,2,7.918918918918919
IONOV MAKSIM,1,13.538461538461538
ISAKOW ZBIGNIEW,13,2.5714285714285716
IWAN MICHALINA,1,3.0
IWANICKI ADAM,3,5.75
IWASZENKO SEBASTIAN,1,1.1428571428571428
IZDEBSKI JAN,12,8.0
IZYKOWSKI JAN,91,51.94444444444444
JABLONSKI ALEKSANDER,1,3.0
JABLONSKI MIROSLAW,2,1.0
JABLONSKI SLAWOMIR,3,3.0
JACHYM BRONISLAW,2,8.0
JACHYMEK WOJCIECH,4,12.942307692307692
JACKOWIAK PAULINA,4,12.384615384615385
JADCZYK TOMASZ,6,12.8
JAGIELLO AGATA,4,47.5
JAJSZCZYK ANDRZEJ,8,11.285714285714286
JAKIELA SLAWOMIR,14,40.59090909090909
JAKIMOWICZ PIOTR,7,3.1666666666666665
JAKOBKIEWICZ-BANECKA JOANNA,12,7.803030303030303
JAKUBOWICZ JAROSLAW,1,4.0
JAKUBOWSKA ANNA,5,2.0
JAKUBOWSKA MALGORZATA,13,5.0
JAKUBOWSKA-ZAHORSKA RENATA,4,25.0
JAKUBOWSKI ZENON,4,4.0
JALMUZNA WOJCIECH,1,4.2631578947368425
JANAS JANUSZ,7,5.2727272727272725
JANASZEWSKI MARCIN,3,1.7272727272727273
JANCZYK WOJCIECH,11,3.0
JANECKI DARIUSZ,13,1.0
JANETA MATEUSZ,1,5.0
JANIAK MAREK,3,5.0
JANICKI JAROSLAW,1,9.0
JANICKI STANISLAW,5,13.0
JANIGA ANITA,5,5.0
JANIK HELENA,1,1.1111111111111112
JANIK PRZEMYSLAW,4,4.0
JANKAU JERZY,1,2.0
JANKOWSKI PAWEL,15,11.5
JANOSZEK TOMASZ,1,1.0
JANUS KRZYSZTOF,3,1.2
JANUS RAFAL,4,6.5
JANUSZEWSKA ANETA,2,25.0
JANUSZKA MARCIN,3,3.6666666666666665
JANUSZKIEWICZ LUKASZ,11,3.5
JANUSZKO ADAM,7,4.0
JAREMEK HENRYK,33,4.0
JARMUNDOWICZ WLODZIMIERZ,1,1.8571428571428572
JARNO LESZEK,4,1.0
JAROCKA URSZULA,1,7.0
JAROSZ MATEUSZ,2,7.714285714285714
JAROSZ WOJCIECH,41,2.3333333333333335
JAROSZEWICZ ZBIGNIEW,8,1.0
JARZAB BARBARA,2,1.6363636363636365
JARZAB MICHAL,2,1.9090909090909092
JARZEBSKI ANDRZEJ,8,40.833333333333336
JARZYNA WOJCIECH,1,8.25
JASCHIK MANFRED,6,6.739130434782608
JASIENKO STEFAN,1,1.0
JASINSKA MAGDALENA,2,4.0
JASIOLEK GABRIEL,2,10.0
JASKIEWICZ JANUSZ,1,6.0
JASKOWSKA JOLANTA,11,24.0
JASNY JAN,4,1.0
JASTRZABEK KONRAD,4,11.0
JASTRZEBSKA BEATA,1,8.615384615384615
JATCZAK KAMIL,13,12.142857142857142
JAWICZUK MAGDALENA,4,13.84
JAWORSKA EWA,1,2.2857142857142856
JAWORSKA-SOBCZAK AGNIESZKA,1,2.0
JAWORSKI SLAWOMIR,3,3.0
JAZDZEWSKI KRYSTIAN,2,2.210526315789474
JEDLINA-PANASIUK LUIZA,7,25.0
JEDLINSKI ZBIGNIEW,17,6.8
JEDYNAK LUKASZ,6,13.833333333333334
JELEN FILIP,5,3.0
JEMIELITY JACEK,26,18.644444444444446
JEMIOLA-RZEMINSKA MALGORZATA,1,1.0
JEREMIASZ OLGIERD,2,7.4
JERZAK ANNA,5,9.5
JEZIERSKA ELZBIETA,1,1.0
JEZIORSKA REGINA,13,11.0
JEZOWSKA-BOJCZUK MALGORZATA,1,7.4
JODYNIS-LIEBERT JADWIGA,2,1.8461538461538463
JONSSON-NIEDZIOLKA MARTIN,2,3.5675675675675675
JOZKOWICZ ALICJA,4,4.0
JOZWIK JULITA,2,1.0
JOZWIK KRZYSZTOF,5,2.142857142857143
JUCHA JAROSLAW,1,3.0
JULISZEWSKI TADEUSZ,1,2.6285714285714286
JUNG JAROSLAW,4,7.5
JUNIEWICZ HENRYK,2,1.1666666666666667
JURCZAK MARGARITA,3,8.25
JURCZAKOWSKI RAFAL,33,8.235294117647058
JURCZUK KINGA,1,9.0
JUREWICZ KRZYSZTOF,3,8.666666666666666
JURGA KAZIMIERZ,5,8.5
JURGA MARCIN,1,1.0
JUST MARCIN,27,9.0
JUZWA JACEK,2,9.333333333333334
KACA WIESLAW,3,4.8
KACPERSKI DAMIAN,1,2.625
KACPERSKI MICHAL,3,2.0
KACPRZAK KAROL,24,13.166666666666666
KACPRZAK MICHAL,20,3.0
KACPRZYK RYSZARD,2,3.3333333333333335
KACZANOWSKI RADOSLAW,5,12.0
KACZMAREK ELZBIETA,8,14.666666666666666
KACZMAREK LESZEK,11,2.0
KACZMAREK LUKASZ,26,5.571428571428571
KACZMAREK PAWEL,5,1.3333333333333333
KACZMAREK RENATA,3,5.333333333333333
KACZMARSKA KAROLINA,1,2.8
KAFAR ANNA,4,10.921052631578947
KAJDAS CZESLAW,12,2.5
KALASKA BARTLOMIEJ,5,5.5
KALASZCZYNSKA ILONA,4,3.6666666666666665
KALICKA AGNIESZKA,1,1.0
KALINOWSKA-LIS URSZULA,2,3.111111111111111
KALINSKI KRZYSZTOF,1,1.0
KALISIAK STANISLAW,1,2.7777777777777777
KALITA WLODZIMIERZ,5,3.25
KALWARCZYK EWELINA,1,8.068965517241379
KALWARCZYK TOMASZ,1,11.414634146341463
KAMINSKA AGNIESZKA,7,8.083333333333334
KAMINSKI LUKASZ,2,5.666666666666667
KAMINSKI TOMASZ,40,6.0
KAMINSKI ZBIGNIEW,9,11.0
KAMYSZ WOJCIECH,2,5.875
KANIA GABRIELA,2,11.166666666666666
KANISZEWSKI STANISLAW,1,1.0
KANSKA URSZULA,5,7.333333333333333
KAPTURKIEWICZ ANDRZEJ,1,5.0
KARASIEWICZ JOANNA,11,39.53846153846154
KARBOWIAK MIROSLAW,1,1.0
KARBOWNICZEK MIROSLAW,3,8.0
KAREWICZ ANNA,2,30.45945945945946
KARGOL MARTA,1,32.0
KAROCKI ANDRZEJ,1,14.076923076923077
KARPIEL GRZEGORZ,1,1.52
KARWOWSKA EWA,1,1.0
KARWOWSKI DAMIAN,15,23.533333333333335
KASARELLO KAJA,3,2.5
KASPERCZYK JANUSZ,3,5.454545454545454
KASPROWICZ ALEKSANDRA,1,1.0
KASPROWICZ GRZEGORZ,2,6.0
KASPROWICZ MAGDALENA,1,2.0
KASZA KRZYSZTOF,18,25.2
KASZUBA ANDRZEJ,65,3.0
KATULSKI RYSZARD,2,2.857142857142857
KAUPA PATRYK,1,3.0
KAWALEC ADAM,1,2.0
KAWECKI ROBERT,6,10.5
KAZEK GRZEGORZ,7,10.142857142857142
KAZIMIERCZAK JERZY,2,3.0
KAZIMIERCZUK ZYGMUNT,8,4.875
KAZIMIERSKI ZBYSZKO,1,1.0
KAZIOR JAN,1,1.0
KAZMIERCZAK-BARANSKA JULIA,5,6.285714285714286
KEDZIERSKA ALEKSANDRA,8,4.0
KEDZIERSKI PIOTR,2,2.0
KEDZIERZAWSKI PIOTR,1,3.0
KEDZIORA ANDRZEJ,4,9.0
KEMPA ARNOLD,1,1.0
KEMPINSKA KATARZYNA,2,15.0
KEPSKA BLANKA,10,10.857142857142858
KERN-ZDANOWICZ IZABELA,1,2.3333333333333335
KESIK-BRODACKA MALGORZATA,16,23.444444444444443
KICIAK ADAM,6,3.6666666666666665
KICKO-WALCZAK EWA,14,5.2
KIEC-KONONOWICZ KATARZYNA,12,2.0
KIEDIK MACIEJ,27,5.5
KIELBIK RAFAL,4,4.333333333333333
KIELKIEWICZ JEDRZEJ,6,3.5
KIERZKOWSKA AGNIESZKA,8,5.0
KIESIEWICZ GRZEGORZ,2,2.7567567567567566
KIJENSKI JACEK,11,10.571428571428571
KILISZEK MAREK,2,2.0
KLAJNERT BARBARA,8,14.31578947368421
KLAJNERT-MACULEWICZ BARBARA,5,12.8125
KLAUS TOMASZ,1,2.3333333333333335
KLAWITER JAN,1,6.0
KLECZEWSKA NATALIA,6,22.666666666666668
KLEIN MAREK,9,4.2
KLEPKA TOMASZ,1,8.2
KLIMASZEWSKI KRZYSZTOF,25,26.057142857142857
KLIMEK JACEK,2,7.375
KLIMKOWICZ ALICJA,1,64.02631578947368
KLIMPEL ANDRZEJ,5,3.380952380952381
KLOPOTEK MIECZYSLAW,15,2.6666666666666665
KLOSSOWSKI SZYMON,15,8.0
KLUCZKOWSKI MAREK,3,1.0
KLUDKIEWICZ BARBARA,3,7.142857142857143
KLUGMANN-RADZIEMSKA EWA,1,3.3333333333333335
KMIEC MATEUSZ,1,1.0
KMITA GRZEGORZ,8,15.5
KNAPSKA EWELINA,2,6.846153846153846
KNYCH TADEUSZ,4,2.5925925925925926
KNYSAK PIOTR,1,1.9333333333333333
KOBEL-BUYS KRYSTYNA,7,4.0
KOBIERSKA AGNIESZKA,3,11.6
KOBIERZYCKI CHRISTOPHER,4,6.083333333333333
KOBUS KONRAD,1,1.0
KOBUS TADEUSZ,2,2.0
KOBUSINSKA ANNA,1,2.1538461538461537
KOCERBA-SOROKA WIOLETA,2,4.191489361702128
KOCHANOWSKI ANDRZEJ,5,5.142857142857143
KOCIUBA WALDEMAR,2,13.0
KOJ SABINA,5,9.0
KOKOCINSKI MACIEJ,2,2.0
KOLACZKOWSKI MARCIN,27,5.5
KOLANOWSKA MONIKA,2,2.2
KOLEK KRZYSZTOF,2,1.0
KOLESINSKA BEATA,11,6.0
KOLODZIEJ ANDRZEJ,3,2.0
KOLODZIEJ JACEK,5,26.6
KOLODZIEJAK KATARZYNA,1,1.6923076923076923
KOLODZIEJCZYK ANDRZEJ,1,6.055555555555555
KOLODZIEJCZYK PAWEL,13,35.333333333333336
KOMISARCZYK AGNIESZKA,6,7.294117647058823
KOMOSZYNSKI MICHAL,1,1.0
KONARSKI JERZY,7,8.0
KONCZEWICZ WANDA,1,7.4
KONIAREK JAROSLAW,1,5.0
KONIECZNA EWA,1,4.0
KONIECZNA LUCYNA,1,4.5
KONIECZNY JACEK,51,24.666666666666668
KONIECZNY JOLANTA,1,1.875
KONOPA JERZY,31,9.8
KONOPACKI MACIEJ,1,2.6
KONOPCZYNSKI ANDRZEJ,4,13.0
KONOPKA WITOLD,3,7.0
KOPALKO KRZYSZTOF,2,7.916666666666667
KOPCIUCH AGNIESZKA,3,4.4
KOPCZYNSKI BARTOSZ,9,27.0
KOPER ZBIGNIEW,1,1.0
KOPERA EDYTA,7,9.444444444444445
KOPROWSKA JOANNA,8,2.090909090909091
KOPROWSKI PIOTR,5,5.0
KOPYTO DOROTA,2,2.0
KORALEWSKA NATALIA,6,8.0
KORBAS EUGENIUSZ,4,1.0
KORBEL ANDRZEJ,13,11.0
KORBUT RYSZARD,4,3.0
KORCZAK ANDRZEJ,2,2.0
KORCZAK KATARZYNA,2,5.0
KORCZYK PIOTR,9,35.5
KORCZYNSKI DARIUSZ,3,3.0
KORDAS MARIAN,1,2.5483870967741935
KORECKI MACIEJ,22,41.0
KORZENIOWSKA-KOWAL AGNIESZKA,10,23.433333333333334
KOS TOMASZ,11,11.454545454545455
KOSCIELNIK DARIUSZ,44,43.72222222222222
KOSIERADZKI MACIEJ,1,5.590909090909091
KOSINSKA MONIKA,3,22.428571428571427
KOSMELA PAULINA,1,3.590909090909091
KOSSAKOWSKI JERZY,4,2.0
KOSSYKOWSKA MAGDALENA,1,14.25
KOSTEK BOZENA,4,6.5
KOSTRZAK ANNA,9,11.333333333333334
KOSZELEWSKI DOMINIK,4,10.0
KOT MARIUSZ,3,16.5
KOT MARTA,2,1.0
KOTARBA ANDRZEJ,15,5.444444444444445
KOTLAREK MARTA,2,2.3333333333333335
KOTOWSKI WLODZIMIERZ,2,1.5
KOTUNIA ANNA,3,5.428571428571429
KOTUS JOZEF,1,8.733333333333333
KOWAL ZBIGNIEW,1,1.0
KOWALAK KRZYSZTOF,2,3.6666666666666665
KOWALCZUK MAREK,8,11.941176470588236
KOWALCZYK ANDRZEJ,22,32.0
KOWALEWSKA MAGDALENA,8,3.3333333333333335
KOWALSKA EMILIA,1,5.0
KOWALSKA EWA,13,2.0
KOWALSKA EWELINA,2,34.0
KOWALSKA JOANNA,26,2.0
KOWALSKA SYLWIA,1,1.0
KOWALSKI MARCIN,18,18.0
KOWALSKI ZYGMUNT,3,3.25
KOWNACKA AGNIESZKA,13,50.5
KOWNACKI IRENEUSZ,31,55.45945945945946
KOWSZYK-GINDIFER ZUZANNA,2,4.0
KOZAKIEWICZ JANUSZ,2,8.272727272727273
KOZAKIEWICZ MARCIN,3,2.6
KOZERSKI LECH,10,5.25
KOZIAK KATARZYNA,18,11.285714285714286
KOZINSKI RAFAL,3,3.0
KOZIOL ANNA,1,9.0
KOZIOL PAWEL,2,4.0
KOZIOLKIEWICZ MARIA,2,13.4
KOZLOWSKA EWA,1,2.857142857142857
KOZLOWSKI RYSZARD,24,4.769230769230769
KOZUBEK ARKADIUSZ,9,2.4285714285714284
KRAJEWSKA ALEKSANDRA,2,2.823529411764706
KRAJEWSKI MICHAL,1,1.0
KRAJEWSKI PIOTR,5,10.0
KRAKOWSKI TOMASZ,4,4.0
KRAMKOWSKI KAROL,2,12.454545454545455
KRASODOMSKI WOJCIECH,1,3.0
KRASOWSKA ANNA,2,7.416666666666667
KRASOWSKA DOROTA,3,3.909090909090909
KRASZEWSKI ADAM,4,5.371428571428571
KRATA NATALIA,2,3.6666666666666665
KRAWCZENKO AGNIESZKA,5,9.2
KRAWCZYK KRZYSZTOF,4,11.0
KRAWCZYKOWSKA ALDONA,1,1.3333333333333333
KRAWCZYKOWSKI DAMIAN,1,1.0
KRAWCZYNSKA WIOLETTA,2,15.5
KRAWIECKA MARIOLA,2,3.3684210526315788
KREGIELCZAK AGNIESZKA,2,13.0
KRET SLAWOMIR,2,10.333333333333334
KREZEL ARTUR,5,10.666666666666666
KROKOWSKI DAWID,1,1.0
KROL JACEK,14,23.666666666666668
KROL MARCIN,6,5.0
KROL PIOTR,4,2.4
KROLEWSKA KAROLINA,2,5.0
KROLICKA ANNA,5,5.75
KROLIKOWSKI MAREK,4,10.0
KROSNIAK MIROSLAW,1,1.0
KROSZCZYNSKI WOJCIECH,5,12.0
KROWARSCH DANIEL,1,5.181818181818182
KRUCINSKA IZABELLA,11,3.5185185185185186
KRUEGER ANDRZEJ,14,15.0
KRUK JANUSZ,1,4.0
KRUKOWSKI ANDRZEJ,6,8.0
KRUKOWSKI STANISLAW,10,20.714285714285715
KRUPA ANNA,1,2.0
KRUPA WOJCIECH,6,1.0
KRUSZEWSKA JOANNA,2,2.0
KRYCZKA TOMASZ,1,1.0
KRYSIAK PIOTR,1,3.5
KRYSINSKI JAN,7,2.0
KRYSTYNOWICZ ALINA,4,5.75
KRYSZCZYNSKI TADEUSZ,15,3.0
KRYSZEWSKI MARIAN,9,7.444444444444445
KRZEMIENIEWSKI MIROSLAW,4,9.0
KRZEMINSKI ZBIGNIEW,8,3.142857142857143
KRZEMPEK KAROL,1,2.3095238095238093
KRZESZEWSKI MACIEJ,5,20.5
KRZYSIAK ANDRZEJ,1,1.0
KRZYSTOLIK PAWEL,3,5.0
KRZYSZTOFORSKI ANDRZEJ,9,10.0
KRZYZAK ARTUR,6,3.0
KRZYZOSIAK WLODZIMIERZ,5,8.5
KSEPKO EWELINA,5,8.333333333333334
KUBACKI ANDRZEJ,8,13.333333333333334
KUBALSKI ANDRZEJ,5,5.0
KUBAS KAROLINA,1,2.0
KUBICKA MARCELINA,4,1.0
KUBISZ JERZY,9,8.0
KUBISZEWSKI MAREK,11,17.653846153846153
KUCEWICZ WOJCIECH,5,1.5
KUCHARCZYK KRZYSZTOF,12,6.0
KUCHARSKI KRZYSZTOF,7,108.4
KUCINSKA-LIPKA JUSTYNA,1,1.1666666666666667
KUCINSKI TOMASZ,7,6.5
KUCWAJ KATARZYNA,9,17.133333333333333
KUCWAJ-BRYSZ KATARZYNA,5,10.26086956521739
KUCZYNSKA PAULINA,1,1.25
KUDASIK TOMASZ,4,4.2
KUDYBA ARTUR,1,4.0
KUDZIN MARCIN,1,3.7
KUJAWA JOLANTA,1,7.142857142857143
KUJAWSKA JUSTYNA,4,16.0
KUJAWSKA MALGORZATA,2,2.0
KUKLIK PAWEL,10,2.0
KULA PIOTR,43,16.6
KULA PRZEMYSLAW,6,6.6923076923076925
KULAK ANDRZEJ,8,19.625
KULCZYK MARIUSZ,10,2.7142857142857144
KULESZA JANUSZ,1,1.0
KULICZKOWSKI KAZIMIERZ,3,4.090909090909091
KULIKOWSKI TADEUSZ,9,3.5
KULINSKI STANISLAW,1,1.0
KULINSKI TADEUSZ,4,5.833333333333333
KULKA ANDRZEJ,4,3.75
KULPA DANUTA,1,1.0
KULPINSKI PIOTR,11,11.0
KULSZEWICZ-BAJER IRENA,1,31.235294117647058
KUNCE DANUTA,7,12.0
KUNICKI ANTONI,1,1.0
KURC MACIEJ,8,32.5
KURCZAB RAFAL,2,2.0
KUROWSKI PIOTR,2,5.0
KURTYCZ PATRYCJA,1,1.0
KURZAWSKI GRZEGORZ,11,16.857142857142858
KURZEPA KATARZYNA,6,5.666666666666667
KURZYNOGA DARIUSZ,11,11.133333333333333
KURZYNSKA-KOKORNIAK ANNA,7,8.65625
KUSNIERCZYK HALINA,3,10.571428571428571
KUSNIERUK SYLWIA,3,10.38888888888889
KUSTOSZ ROMAN,14,3.4
KUSTROWSKI PIOTR,9,6.181818181818182
KUSZNIEREWICZ BARBARA,1,6.714285714285714
KUTNER ANDRZEJ,89,11.555555555555555
KUTNER WLODZIMIERZ,4,1.6666666666666667
KUTWIN MARTA,3,3.8275862068965516
KUZNICKI JACEK,2,4.4
KWACZ MONIKA,1,4.888888888888889
KWIATKOWSKI JACEK,3,6.0
LABIENIEC MAGDALENA,2,6.0
LABOJKO GRZEGORZ,5,1.0
LAMPARSKA-PRZYBYSZ MONIKA,22,22.94736842105263
LAPINSKI KAZIMIERZ,1,2.0
LASEK WITOLD,2,5.75
LASKAWSKI MICHAL,3,3.0
LASKOWNICKI MICHAL,3,3.0
LASKOWSKA-KASZUB KATARZYNA,1,2.0
LASOCHA WIESLAW,5,10.333333333333334
LASZKIEWICZ BOGUMIL,12,48.0
LATKO PAULINA,2,4.666666666666667
LATOWSKI DARIUSZ,2,1.75
LAUBITZ DANIEL,3,3.3333333333333335
LAZAR JAN,6,5.0
LEBIOCKA MAGDALENA,1,2.0
LECIEJEWSKI ZBIGNIEW,2,1.5625
LEDOCHOWSKI ANDRZEJ,11,28.0
LEGUTKO PIOTR,1,9.7
LEHRICH KRZYSZTOF,8,14.0625
LEMKE KRZYSZTOF,23,1.0
LENDA TOMASZ,2,1.0
LEONOWICZ ANDRZEJ,3,5.666666666666667
LESNER ADAM,4,1.0
LESNIAK TOMASZ,8,8.0
LESNIEWSKI ADAM,1,3.1666666666666665
LESNIEWSKI MARCIN,3,10.333333333333334
LESZCZYNSKA AGNIESZKA,2,1.5
LESZCZYNSKI JACEK,2,42.0
LESZCZYNSKI SLAWOMIR,3,16.0
LESZCZYNSKI ZBIGNIEW,5,9.0
LEWANDOWSKA ANNA,1,3.0
LEWANDOWSKA MARTA,18,14.5
LEWANDOWSKA URSZULA,1,1.0
LEWANDOWSKA-SZUMIEL MALGORZATA,5,5.222222222222222
LEWANDOWSKI DARIUSZ,30,4.0
LEWANDOWSKI DOMINIK,4,10.5
LEWANDOWSKI WIKTOR,10,4.454545454545454
LEWARTOWSKA JOANNA,1,3.142857142857143
LEWERA ADAM,22,11.916666666666666
LEWICKI FRYDERYK,2,1.0
LEWINSKI JANUSZ,7,3.7142857142857144
LIBRANT KRZYSZTOF,2,4.142857142857143
LIBUS WLODZIMIERZ,1,2.0
LICHOLAI LECH,2,1.0
LIGENZA SLAWOMIR,15,34.0
LINDSTAEDT AGNIESZKA,7,9.333333333333334
LINKIEWICZ KAZIMIERZ,1,12.0
LIPINSKA LUDWIKA,11,3.0416666666666665
LIPINSKI TOMASZ,26,1.0
LIPNIACKI ANDRZEJ,9,6.0
LIS KRZYSZTOF,13,12.5
LISICKI ZYGMUNT,23,12.2
LISIK WOJCIECH,1,1.6
LISOWIEC ALEKSANDER,1,56.0
LISOWSKI WOJCIECH,3,20.05263157894737
LITWIN DARIUSZ,17,11.625
LITWIN WOJCIECH,1,1.8571428571428572
LITWIN-STASZEWSKA ELZBIETA,5,19.235294117647058
LOBOCKA MALGORZATA,12,7.0
LOBOCKI MICHAL,1,2.5
LOBODZINSKI WOJCIECH,1,10.0
LOJEWSKA JOANNA,3,3.0
LOJKOWSKI WITOLD,20,10.096774193548388
LOKAJ KRZYSZTOF,1,1.0
LOPATKA KUBA,8,7.142857142857143
LOPUSINSKI ANDRZEJ,5,6.7272727272727275
LOZINSKA IWONA,5,6.5
LUBELSKA KATARZYNA,4,2.8
LUBINSKI JAN,31,8.333333333333334
LUCZAK ADAM,18,27.428571428571427
LUCZNIK BOLESLAW,7,13.714285714285714
LUDWICKA KAROLINA,2,4.615384615384615
LUGOWSKI CZESLAW,15,10.8
LUKA GRZEGORZ,3,10.0
LUKASIAK MAGDALENA,7,6.888888888888889
LUKASIEWICZ JOLANTA,25,10.782608695652174
LUKASIK ANNA,3,22.0
LUKASZCZYK JAN,2,12.333333333333334
LUKASZEWICZ JERZY,2,3.6666666666666665
LUKASZEWICZ MACIEJ,6,21.2
LUKASZEWICZ MARCIN,8,2.25
LUKAWSKA MALGORZATA,2,14.428571428571429
LUKOMSKA ANETA,2,18.53846153846154
LUKOMSKA BARBARA,1,4.6
LUKOSEK MAREK,1,7.25
LUNIEWSKI WOJCIECH,7,25.5
LUNIO RAFAL,1,8.0
LUSIAK-SZELACHOWSKA MARZANNA,7,25.74074074074074
LUZAK BOGUSLAWA,2,2.0
LYCZKO KRZYSZTOF,1,1.6428571428571428
LYCZKO MONIKA,1,1.2307692307692308
MACH MATEUSZ,3,1.0
MACHALINSKI BOGUSLAW,2,1.6666666666666667
MACHEJ TADEUSZ,5,9.333333333333334
MACHNIEWSKI PIOTR,1,3.6666666666666665
MACIAG MONIKA,2,2.6
MACIEJAK AGATA,2,2.0
MACIEJAK ANDRZEJ,1,2.0
MACIEJCZYK MATEUSZ,1,1.0
MACIEJCZYK MICHAL,1,2.0
MACIEJEWSKI BARTOSZ,1,13.0
MACIEJEWSKI HENRYK,2,1.0
MACIEJEWSKI HIERONIM,34,50.82142857142857
MACIEJNY ADOLF,2,1.5
MACIERZYNSKA EWA,12,1.0
MACIUSZEK MONIKA,5,11.0
MACKOWIAK SLAWOMIR,8,5.954545454545454
MACYK WOJCIECH,21,17.8
MADZIAR JERZY,1,1.0
MAGDA JANUSZ,3,5.0
MAGIERA RADOMIR,3,1.0
MAGONSKI ZBIGNIEW,9,8.11111111111111
MAJCHRZAK MARIUSZ,14,62.32
MAJDA ALEKSANDER,1,1.0
MAJER JAKUB,7,4.578947368421052
MAJEWSKA JUSTYNA,2,3.0
MAJEWSKI ARKADIUSZ,3,9.5
MAJEWSKI WIESLAW,3,13.0
MAJKA GRZEGORZ,5,3.5
MAJKA ZBIGNIEW,53,13.0
MAJOREK MARIA,1,33.666666666666664
MAK PAWEL,1,1.3333333333333333
MAKARA MARIUSZ,7,8.7
MAKAROWA IRINA,1,11.825
MAKOSZA MIECZYSLAW,15,38.0
MAKOWIEC SLAWOMIR,7,6.0
MAKOWSKI DARIUSZ,2,3.6923076923076925
MAKOWSKI MAREK,1,5.0
MAKSYMIUK KRZYSZTOF,1,1.0
MAKULSKA SYLWIA,10,40.1
MAKURAT SAMANTA,1,14.25
MALAG ANDRZEJ,2,3.75
MALECKA KAMILA,1,6.538461538461538
MALECKI MACIEJ,4,3.5
MALESA MONIKA,4,3.25
MALICKI MAREK,5,7.0
MALINOWSKA IWONA,1,11.5
MALINOWSKA MAGDALENA,2,1.0
MALINOWSKI MAREK,5,26.0
MALINOWSKI PAWEL,10,4.0
MALINOWSKI PRZEMYSLAW,3,7.0
MALINOWSKI TADEUSZ,13,2.3333333333333335
MAMALA ANDRZEJ,4,2.8484848484848486
MAMES ADAM,1,7.294117647058823
MANIAK GABRIELA,2,10.0
MANIECKI TOMASZ,5,1.7142857142857142
MANIUKIEWICZ WALDEMAR,1,6.875
MANKOWSKI JERZY,11,8.4
MARCHWICKA ALEKSANDRA,3,10.818181818181818
MARCINEK ANDRZEJ,27,35.0
MARCINIEC KRZYSZTOF,1,10.0625
MARCINKIEWICZ JANUSZ,5,14.2
MARCINKOWSKA EWA,3,34.333333333333336
MARCINKOWSKA MONIKA,28,15.833333333333334
MARCZAK AGNIESZKA,1,1.0
MARCZAK STANISLAW,21,8.785714285714286
MARCZEWSKA HANNA,7,7.0
MARCZEWSKI MAREK,7,7.0
MARCZEWSKI WOJCIECH,2,3.0
MAREK-TRZONKOWSKA NATALIA,3,3.888888888888889
MARKIEWICZ MARIA,10,33.25
MARKIEWICZ MICHAL,2,1.0
MARKIEWICZ WOJCIECH,25,26.0
MARKOWICZ SERGIUSZ,6,23.5
MARKOWSKI JAROSLAW,1,20.0
MARKOWSKI ZENON,2,11.5
MARONA HENRYK,13,4.0
MARSZALEK KONSTANTY,2,13.0
MARTYNKIEN TADEUSZ,10,9.914285714285715
MARTYNOW JACEK,14,62.0
MARUSZAK WIOLETA,9,13.157894736842104
MARYCZ KRZYSZTOF,5,10.8
MARZEC MATEUSZ,1,4.333333333333333
MASNYK MAREK,2,14.653846153846153
MASZEWSKA AGNIESZKA,2,6.266666666666667
MATECKI KRZYSZTOF,2,5.0
MATLAK KRZYSZTOF,2,2.0
MATOGA DARIUSZ,9,2.3703703703703702
MATRAS-POSTOLEK KATARZYNA,1,1.0
MATUSIEWICZ MARTA,3,4.0
MATUSZEWSKA ANNA,3,11.0
MATYJASIK JOANNA,8,11.0
MATYSIAK JOANNA,2,2.8333333333333335
MAZALEVSKA OLGA,2,11.0
MAZERSKA ZOFIA,4,18.05
MAZERSKI JAN,6,62.72727272727273
MAZIARZ ELZBIETA,3,7.0
MAZIEJUK MIROSLAW,17,10.333333333333334
MAZIERSKI PAWEL,1,6.25
MAZUR MACIEJ,1,2.0
MAZUR MICHAL,1,1.0
MAZUREK BOLESLAW,2,4.666666666666667
MAZUREK MACIEJ,5,3.3333333333333335
MAZUREK PRZEMYSLAW,10,3.0
MAZURKIEWICZ ADAM,2,3.4
MAZURKIEWICZ-PISAREK ANNA,2,29.22222222222222
MEISSNER JUSTYNA,2,2.3333333333333335
MENASZEK ELZBIETA,4,6.2
MERGO PAWEL,12,8.365853658536585
MERTAS ANNA,3,5.0
MESZYNSKI SEBASTIAN,2,2.0
MIAZEK ARKADIUSZ,1,3.0
MIAZGA AGNIESZKA,3,9.0
MICHALAK MARCIN,2,14.0
MICHALAK MICHAL,6,6.625
MICHALAK OLGA,3,10.555555555555555
MICHALAK PAWEL,5,1.0
MICHALIK LECH,1,1.0
MICHALKIEWICZ BEATA,3,2.0
MICHALSKA LUCYNA,1,10.25
MICHALSKI JAN,15,4.083333333333333
MIECHOWICZ SLAWOMIR,6,4.0
MIEDZINSKA DANUTA,1,3.9
MIEDZINSKA KATARZYNA,6,5.2
MIEDZOBRODZKI JACEK,1,9.3125
MIEDZYBRODZKI RYSZARD,3,12.0
MIELCAREK WITOLD,2,2.3333333333333335
MIELCZAREK ALEKSANDER,1,3.5
MIERCZYK ZYGMUNT,3,2.176470588235294
MIERZEJEWSKI PAWEL,1,14.0
MIESZCZANEK JULIUSZ,4,39.0
MIGDAL ANTONI,7,8.666666666666666
MIKA MAREK,1,9.0
MIKIELEWICZ DARIUSZ,1,1.0
MIKIEWICZ DIANA,5,25.0
MIKIEWICZ-SYGULA DIANA,28,24.8
MIKOLAJCZUK ANNA,1,3.588235294117647
MIKOLAJCZYK JERZY,11,3.0
MIKRUT ZBIGNIEW,1,2.0
MIKSTACKA RENATA,4,4.529411764705882
MIKUCKI JERZY,4,14.0
MIKULEWICZ WOJCIECH,1,7.0
MILCZAREK MAGDALENA,2,36.27272727272727
MILER KAZIMIERZ,5,3.0
MILEWSKA ALEKSANDRA,14,5.583333333333333
MILEWSKI SLAWOMIR,16,28.344827586206897
MILIK MARIUSZ,37,8.0
MINTA ZENON,7,10.384615384615385
MIRONOWICZ WLADYSLAW,3,1.0
MISCHKE JERZY,3,3.0
MISIEWICZ ANNA,10,5.75
MISIURA KONRAD,10,6.5
MISKIEWICZ AGNIESZKA,1,2.2
MISKOWICZ MAREK,48,41.13333333333333
MITEK TOMASZ,4,4.909090909090909
MITKA KATARZYNA,11,10.25
MIZAK WOJCIECH,2,8.75
MLACKI MICHAL,1,7.333333333333333
MLODZIANKO ANDRZEJ,1,1.6666666666666667
MLOZNIAK ANNA,4,7.096774193548387
MOCZKOWSKA MALGORZATA,2,2.5833333333333335
MOCZULSKI WOJCIECH,3,2.6
MODELSKA ANNA,13,24.0
MODRZEJEWSKA HELENA,3,45.0
MOGIELNICKI ANDRZEJ,6,10.026315789473685
MOLENDA JANINA,4,3.8823529411764706
MOLENDA MARCIN,7,3.911764705882353
MOLGA EDYTA,1,6.0
MOLGA EUGENIUSZ,1,7.583333333333333
MOLSKI SZYMON,5,1.0
MONIUSZKO GRZEGORZ,6,8.5
MONTUSIEWICZ AGNIESZKA,2,1.0
MORAWIEC JERZY,2,10.833333333333334
MORAWIEC MARCIN,1,8.0
MORAWSKA AGNIESZKA,3,126.0
MORKA ANDRZEJ,1,3.6666666666666665
MORZYCKI JACEK,12,5.0
MOSCICKI ANDRZEJ,7,1.0
MOSKAL ARKADIUSZ,6,25.444444444444443
MOSKAL GABRIEL,4,13.0
MOSKAL PAWEL,50,3.0
MOSKOT MARTA,4,7.702702702702703
MROCZEK ZDZISLAW,4,8.0
MROCZKA KRZYSZTOF,7,2.2
MROCZKIEWICZ MICHAL,2,20.4
MROZ ANDRZEJ,4,5.0
MROZ JERZY,13,2.0
MROZEK-NIECKO ANIKA,8,1.0
MUCHA KRZYSZTOF,3,4.285714285714286
MUCHA LUKASZ,20,9.75
MUCHA ZYGMUNT,6,2.0
MULCZYK MARIAN,7,26.8
MURAWSKI MICHAL,29,20.375
MURZYN KRZYSZTOF,1,9.5
MUSIAL-KULIK MONIKA,2,4.75
MUSZYNSKI ARTUR,3,3.5
MUZYCZEK MALGORZATA,2,9.666666666666666
MYCZKOWSKI ZBIGNIEW,3,2.0
MYSLIWIEC MALGORZATA,5,2.5
MYSZKOWSKI JERZY,1,1.0
NAGAJ JUSTYNA,1,1.3
NAGRABA LUKASZ,4,4.0
NAJDA ANDZELIKA,4,4.0
NAJDEKER EUGENIUSZ,1,2.0
NAPIERALA MAREK,28,18.285714285714285
NAPIERALSKI ANDRZEJ,5,7.0
NARBUTT JERZY,3,2.5
NARKIEWICZ URSZULA,7,15.0
NARUSZEWICZ MAREK,37,4.7272727272727275
NASILOWSKI TOMASZ,41,10.722222222222221
NASKALSKA ANTONINA,2,14.75
NASULEWICZ ANNA,7,7.378378378378378
NATKANSKI PIOTR,5,7.0
NAUMCZUK BEATA,4,5.208333333333333
NAWRAT ZBIGNIEW,12,13.266666666666667
NAWROCKI ANDRZEJ,1,5.0
NAWROCKI JACEK,2,1.0
NAWROT BARBARA,8,10.6
NEJMAN-FALENCZYK BOZENA,4,8.333333333333334
NEMTUSIAK MONIKA,4,9.666666666666666
NEVOZHAY DMITRY,5,14.518518518518519
NIDZWORSKI DAWID,10,13.727272727272727
NIEBRZYDOWSKA PAULA,6,7.5
NIECKARZ ZENON,7,11.695652173913043
NIEDZICKI LESZEK,8,9.911764705882353
NIEDZIELA TOMASZ,9,11.423076923076923
NIEDZIELSKI PIOTR,6,2.7142857142857144
NIEDZIELSKI TOMASZ,1,1.0
NIEDZIOLKA-JONSSON JOANNA,3,3.4047619047619047
NIEDZWIECKI MACIEJ,1,12.0
NIEKRASZEWICZ ANTONI,38,45.0
NIEKRASZEWICZ BARBARA,11,14.333333333333334
NIEMCZAK MICHAL,5,16.363636363636363
NIEMYJSKI WACLAW,3,2.0
NIESCIORUK ANNA,2,6.25
NIEWIADOMSKA EWA,1,1.0
NIEWIADOMSKA GRAZYNA,1,1.0
NIEWIADOMY ANDRZEJ,3,4.44
NIEWOLA ADAM,3,3.3333333333333335
NIEZGODA TADEUSZ,9,2.0526315789473686
NISCHK MICHAL,8,7.0
NITA JOZEF,1,8.0
NOGALA WOJCIECH,1,3.611111111111111
NOSKOWIAK ANDRZEJ,5,1.2222222222222223
NOUSIAINEN PERTTI,78,92.0
NOWACKA-KRUKOWSKA HANNA,1,3.0
NOWACZYK-ORGANISTA MAGDALENA,2,1.0
NOWAK BERNADETA,1,3.857142857142857
NOWAK DOMINIK,12,1.0
NOWAK GABRIEL,1,4.333333333333333
NOWAK GRZEGORZ,8,3.0
NOWAK JACEK,6,1.0
NOWAK KAROL,2,2.0
NOWAK MATEUSZ,23,3.0588235294117645
NOWAK MONIKA,8,12.0
NOWAK ROMAN,3,8.0
NOWAK STANISAW,4,4.0
NOWAK TOMASZ,28,1.0
NOWAKOWSKA-SIWINSKA ANNA,2,7.947368421052632
NOWAKOWSKI DARIUSZ,3,20.0
NOWAKOWSKI JACEK,8,1.0
NOWICKA ANNA,2,8.0
NOWORYTA KRZYSZTOF,2,4.875
NOWOTNY MARCIN,14,6.2
NYK MARCIN,5,22.75
NYKIEL MAREK,1,1.0
NYTKO KINGA,1,1.3333333333333333
OBER JOZEF,2,2.0
OBIDOWSKI DAMIAN,3,3.6333333333333333
OBLOJ JOZEF,8,12.8
OBLOJ-MUZAJ MARIA,5,6.142857142857143
OBUCHOWSKI MICHAL,5,7.0
OCHOCKI JUSTYN,3,1.7272727272727273
OCZKO-WOJCIECHOWSKA MALGORZATA,2,2.16
ODOLCZYK NORBERT,19,22.0
OGANISIAN KAREN,12,16.454545454545453
OGONCZYK DOMINIKA,7,28.0
OGONOWSKI JAN,1,5.083333333333333
OLBROMSKI MATEUSZ,2,4.739130434782608
OLCZAK JACEK,29,9.0
OLCZAK TADEUSZ,2,2.0
OLEJNICZAK MARTA,4,4.571428571428571
OLEJNIK ANNA,2,3.5
OLEJNIK EWA,3,3.2857142857142856
OLEJNIK JOZEF,37,32.5
OLEKSY MARIUSZ,8,4.921052631578948
OLEKSYSZYN JOZEF,17,1.6666666666666667
OLIWA JOANNA,1,6.666666666666667
OLIWA RAFAL,4,5.285714285714286
OLSZANECKI RAFAL,4,10.277777777777779
OLSZEWSKA MONIKA,3,7.0
OLSZEWSKI JACEK,7,8.75
OLSZYNA ANDRZEJ,1,2.3333333333333335
OPALINSKA AGNIESZKA,8,12.2
OPALINSKA TERESA,2,4.666666666666667
OPALLO MARCIN,5,3.2
OPOLSKI ADAM,3,18.5
OPOLSKI GRZEGORZ,2,8.0
ORACZ MONIKA,6,1.0
ORKISZ MICHAL,75,24.8
ORKISZEWSKA ALICJA,2,1.0
ORLIKOWSKI LESZEK,3,6.666666666666667
ORLINSKI KRZYSZTOF,1,2.3333333333333335
ORLOWSKA ALICJA,7,12.0
ORLOWSKI KAZIMIERZ,1,2.3333333333333335
ORWAT BARTOSZ,8,45.666666666666664
ORZECHOWSKA EMILIA,1,1.0
OSAWARU OSAZUWA,9,8.272727272727273
OSINSKA MAGDALENA,1,1.0
OSOWSKA KAROLINA,9,8.0
OSSOWSKI MACIEJ,1,6.2
OSTASZEWSKI RYSZARD,10,2.0
OSTROWSKI JERZY,13,6.0
OSTROWSKI LUKASZ,24,18.625
OSTROWSKI MICHAL,54,3.3333333333333335
OSTROWSKI ROMAN,1,1.4
OSTRYSZ RYSZARD,5,20.0
OSWIECIMSKA MALGORZATA,3,5.5
OSZCZAPOWICZ IRENA,4,4.625
OSZMANIEC MICHAL,6,2.0
OTLEWSKI JACEK,3,2.0
OTTA HALINA,3,25.0
OWARZANY RAFAL,2,5.6
OZIMEK MARIUSZ,1,5.5
PACHOTA MAGDALENA,1,16.75
PACIOREK PATRYCJA,2,4.333333333333333
PACZEK LESZEK,7,6.2727272727272725
PACZESNY JAN,2,9.333333333333334
PAJDAK-STOS AGNIESZKA,4,4.4
PAKULA TADEUSZ,9,4.0
PAKULSKA WANDA,1,1.0
PALA KATARZYNA,1,5.0
PALAMARCZYK GRAZYNA,2,2.0
PALKA SZYMON,4,11.0
PALOSZ BOGDAN,8,9.5
PALUGNIOK HENRYK,1,4.333333333333333
PALUSZKIEWICZ EWA,4,3.2
PANASIEWICZ MIROSLAWA,5,6.833333333333333
PANETH PIOTR,1,6.0
PANFIL IRMA,6,8.19047619047619
PANFIL WAWRZYNIEC,3,4.230769230769231
PANKOWSKI JACEK,4,19.0
PANOWICZ ROBERT,3,4.363636363636363
PAPROTNY JERZY,19,17.0
PARASION SYLWIA,5,5.777777777777778
PARKA JANUSZ,3,3.8461538461538463
PAROSA RYSZARD,32,16.0
PARTYKA ANNA,10,15.571428571428571
PASCIAK GRZEGORZ,10,3.5714285714285716
PASIUK-BRONIKOWSKA WANDA,4,2.6153846153846154
PASTERNAK IWONA,3,5.470588235294118
PASTEWSKI ROMAN,3,1.0
PASTUSIAK MALGORZATA,2,2.888888888888889
PASZEWSKI MACIEJ,1,14.8
PASZKIEWICZ SANDRA,2,4.35
PASZKIEWICZ ZOFIA,5,4.571428571428571
PASZKOWSKI MARIUSZ,17,32.0
PATER ZBIGNIEW,7,4.0
PATRALSKA DOROTA,3,10.0
PAUKSZTA DOMINIK,2,3.0
PAWCENIS DOMINIKA,3,2.9166666666666665
PAWLACZYK ANNA,5,9.3
PAWLAK ANDRZEJ,12,12.0
PAWLAK DARIUSZ,6,1.0
PAWLAK DOROTA,4,15.5
PAWLAK KRYSTYNA,1,6.0
PAWLAK SEBASTIAN,48,3.5
PAWLIK HENRYK,3,24.0
PAWLIK KATARZYNA,23,1.0
PAWLOWSKI MACIEJ,45,13.5
PECHERZ JANUSZ,1,9.0
PEDZICH ZBIGNIEW,3,1.0
PEDZIMAZ TOMASZ,8,9.333333333333334
PEDZISZ JANUSZ,3,4.666666666666667
PEITLER DOROTA,1,3.823529411764706
PELS KATARZYNA,8,11.0
PENCZEK PIOTR,24,4.533333333333333
PERKOWSKI KRZYSZTOF,1,11.0
PERLICKI KRZYSZTOF,5,26.8
PERLIN PIOTR,22,13.944444444444445
PERLINSKA-LENART URSZULA,2,2.0
PERNAK JULIUSZ,28,5.0
PERZANOWSKA ANNA,1,6.933333333333334
PESZKE JERZY,6,6.5
PETKO MACIEJ,1,2.473684210526316
PFEIFER ALEKSANDRA,2,1.1666666666666667
PIASEK ANDRZEJ,9,7.0
PIASKOWSKI SYLWESTER,12,13.0
PIATEK KRZYSZTOF,1,2.0
PIATKIEWICZ WOJCIECH,2,12.75
PIECEK WIKTOR,2,13.214285714285714
PIECHOCKI JANUSZ,6,5.5
PIECZYKOLAN ANNA,8,16.933333333333334
PIECZYKOLAN JERZY,49,12.72
PIECZYKOLAN MICHAL,5,7.285714285714286
PIEJKO MARCIN,1,1.3333333333333333
PIEKARCZYK WLADYSLAW,2,2.0
PIELAK GRZEGORZ,28,6.0
PIELICHOWSKI JAN,10,4.0
PIERZYNOWSKA KAROLINA,1,10.5
PIERZYNOWSKI STEFAN,65,2.3333333333333335
PIESOWICZ ELZBIETA,3,4.411764705882353
PIETKIEWICZ JADWIGA,6,16.25
PIETKIEWICZ JUSTYNA,1,13.0
PIETRASIK ROBERT,18,43.0
PIETRASZUK CEZARY,6,76.04347826086956
PIETRUSEWICZ EWA,1,5.555555555555555
PIETRUSZKA RAFAL,6,9.5
PIETRZYK-LE AGNIESZKA,1,3.142857142857143
PIETRZYKOWSKA ELZBIETA,9,10.142857142857142
PIETRZYKOWSKI ANDRZEJ,3,3.0
PIKUL STANISLAW,157,21.75
PILARCZYK MICHAL,2,2.3333333333333335
PILARCZYK-ZUREK MAGDALENA,2,25.153846153846153
PILAT ADAM,5,1.0
PILAWKA RYSZARD,6,6.970588235294118
PILC ANDRZEJ,1,1.0
PILECKI ZENON,3,6.333333333333333
PILICHOWSKA SLAWOMIRA,3,1.0
PILSYK SEBASTIAN,1,2.0
PILZYS TOMASZ,1,5.0
PINAR ANNA,2,2.6666666666666665
PIOTROWICZ AGNIESZKA,4,4.2
PIOTROWICZ EWA,9,7.947368421052632
PIOTROWICZ MICHAL,6,10.0
PIOTROWICZ RYSZARD,9,7.833333333333333
PIOTROWSKA ALEKSANDRA,4,5.363636363636363
PIOTROWSKI JERZY,14,12.666666666666666
PIOTROWSKI ZBIGNIEW,1,1.0
PIOTRZKOWSKI RYSZARD,1,11.5
PIRAMIDOWICZ RYSZARD,1,7.083333333333333
PISARKIEWICZ TADEUSZ,1,17.5
PISKORZ WITOLD,3,7.517241379310345
PISZCZYK LUKASZ,4,2.6923076923076925
PIWECKA MONIKA,3,16.0
PIWOWAR JUSTYNA,7,20.5
PIWOWAR MONIKA,2,2.375
PIWOWARSKA ZOFIA,5,7.659090909090909
PIWOWARSKI MICHAL,2,3.0
PLACHA WOJCIECH,1,4.0
PLATEK ROBERT,31,11.875
PLESZCZYNSKA MALGORZATA,1,1.0
PLEWKA ANNA,10,24.0
PLITTA BEATA,4,10.0
PLUCIENNICZAK ANDRZEJ,56,16.040816326530614
PLUCIENNICZAK GRAZYNA,39,24.806451612903224
PNIEWSKI JACEK,1,6.25
PNIEWSKI TOMASZ,10,22.666666666666668
POCHWALSKI KRZYSZTOF,4,2.0
PODBIELSKA HALINA,3,15.75
PODHORSKA-OKOLOW MARZENA,7,4.6
PODKOWINSKI JAN,5,5.538461538461538
PODLEJSKI JERZY,1,1.0
PODSEDEK ANNA,2,2.0
PODSEDKOWSKI LESZEK,4,2.6
PODSIADLO SLAWOMIR,10,4.166666666666667
PODSIEDLIK WLADYSLAW,7,11.666666666666666
POHORECKI RYSZARD,7,3.1818181818181817
POKORSKA ZOFIA,15,7.0
POLACZEK JERZY,37,7.538461538461538
POLAKOWSKA KLAUDIA,1,1.5833333333333333
POLANOWSKI PIOTR,4,5.444444444444445
POLANSKA JOANNA,3,4.4
POLANSKI ALFRED,5,1.0
POLCYN PIOTR,4,80.0
POLKOWSKA-MOTRENKO HALINA,2,2.3076923076923075
POLOMSKA XYMENA,2,3.857142857142857
POPOWSKA MAGDALENA,5,1.0
POREBSKI TADEUSZ,1,4.0
POREDA TADEUSZ,1,11.0
POROCHNICKI JERZY,2,7.0
POROWSKI SYLWESTER,38,20.0
PORZYCKI JANUSZ,1,3.6666666666666665
POSADOWSKA URSZULA,2,5.142857142857143
POSPIESZNY HENRYK,11,9.333333333333334
POSZYTEK KRZYSZTOF,3,10.307692307692308
POTURAJ KRZYSZTOF,8,10.0
POZNICZEK JOANNA,1,1.0
PRACZYK TADEUSZ,7,14.444444444444445
PRAJSNAR RYSZARD,2,3.0
PRIEBE WALDEMAR,143,56.166666666666664
PROCHOWICZ DANIEL,1,7.269230769230769
PROCIOW KRYSTYNA,2,2.6
PROKOP MARTA,8,17.0
PROMINSKI ALEKSANDER,2,10.0
PRUSAK DANIEL,1,2.0
PRUSAK KAMIL,2,1.8
PRYSTAWKO PAWEL,1,13.571428571428571
PRZEGALINSKI EDMUND,1,5.0
PRZETAKIEWICZ WOJCIECH,1,2.0
PRZEWLOKA ALEKSANDRA,1,1.7857142857142858
PRZYBYLEK PIOTR,11,4.0
PRZYBYLO JAROMIR,1,2.0
PRZYBYLSKI JAROSLAW,1,2.5
PRZYBYLSKI WLODZIMIERZ,4,18.0
PRZYBYSZEWSKA MALGORZATA,4,4.0
PRZYCHODZEN WITOLD,7,12.666666666666666
PRZYGODZKI TOMASZ,2,3.2
PRZYSTALKA PIOTR,3,5.5
PSUJA PIOTR,3,22.88888888888889
PUCKO WIESLAW,3,83.0
PULA BARTOSZ,6,5.5
PULASKI LUKASZ,2,1.2857142857142858
PUNDA PAWEL,6,7.0
PUSTELNY SZYMON,3,2.4166666666666665
PUTYNKOWSKI GRZEGORZ,3,5.5
PUZEWICZ-BARSKA JOANNA,7,9.333333333333334
PYRC KRZYSZTOF,15,14.548387096774194
PYSZ DARIUSZ,6,6.6571428571428575
PYSZKA MAGDALENA,1,1.0
PYZOWSKI JAROSLAW,4,7.25
RAC OLGA,1,1.0
RACHON JANUSZ,12,12.555555555555555
RACKA-DZIETKO KATARZYNA,1,2.0
RACZKO JERZY,1,90.42857142857143
RADECKA HANNA,3,2.9130434782608696
RADKOWSKI PIOTR,3,3.0
RADLINSKA MONIKA,9,8.88888888888889
RADOM FILIP,3,4.0
RADOMSKA JOANNA,1,1.0
RADOSZEWSKI TOMASZ,2,4.0
RADZEWICZ CZESLAW,3,3.357142857142857
RADZIWILL ARTUR,3,1.0
RAFALSKI ZYGMUNT,2,3.0
RAJCHOWSKI PIOTR,1,5.642857142857143
RAJKIEWICZ MARIA,1,9.4
RAKOCZY RAFAL,1,3.2857142857142856
RAKOWICZ ALEKSANDER,7,7.75
RAMOTOWSKI WITOLD,9,9.0
RAMSZA ANDRZEJ,11,18.083333333333332
RAMZA JAN,9,16.375
RANACHOWSKI JERZY,2,4.5
RANDZIO STANISLAW,10,3.0
RAPAK ANDRZEJ,5,3.0
RARATA GRZEGORZ,5,2.2666666666666666
RAROG-PILECKA WIOLETTA,10,4.285714285714286
RASZEWSKI ZBIGNIEW,3,4.25
RATAJCZAK WLODZIMIERZ,4,1.0
REDKIEWICZ PATRYCJA,5,8.733333333333333
REDZYNIA MALGORZATA,2,3.08
REGIEC PIOTR,2,2.0
REGIEL-FUTYRA ANNA,2,11.962962962962964
REINER JACEK,2,2.2
REJDYCH JERZY,1,24.0
REJMER WOJCIECH,2,13.6
REKAWEK AGNIESZKA,1,3.0
REMIORZ ERYK,1,1.8
RESZCZYNSKA JOANNA,7,8.0
RESZKA PRZEMYSLAW,1,2.0
RESZKE EDWARD,25,10.88888888888889
REZEK JIRI,6,7.0
RIESKE PIOTR,12,14.0
ROBAK BARBARA,15,13.0
RODAKOWSKA EWELINA,4,6.0
ROGACKI GRZEGORZ,1,3.5
ROGALSKA ANETA,1,1.1904761904761905
ROHR KAMIL,6,13.0
ROJEK PIOTR,24,3.0
ROKICKA KAROLINA,2,3.8
ROLLE KATARZYNA,19,26.0
ROLNIK KRYSTYNA,1,4.0
ROMANOWSKA ANNA,8,44.0
ROMANOWSKA JOANNA,8,5.0
ROMANOWSKI ANDRZEJ,1,7.428571428571429
ROMOTOWSKI TADEUSZ,1,5.0
ROSINSKI MARCIN,6,2.0
ROSLANIEC ZBIGNIEW,5,4.0
ROSOLOWSKI EUGENIUSZ,94,62.51282051282051
ROSZKOWSKI ANDRZEJ,6,1.0
ROSZKOWSKI PIOTR,3,8.0
ROTKIEWICZ PIOTR,1,8.222222222222221
ROZAK FELIKS,4,4.0
ROZALSKI ANTONI,2,5.6
ROZALSKI MARCIN,2,2.340909090909091
ROZANSKI ARTUR,1,9.4375
ROZKIEWICZ DARIUSZ,1,2.4285714285714284
ROZNIATOWSKI KRZYSZTOF,1,2.3
ROZNIECKA EWA,3,3.6129032258064515
ROZTOCKI KORNEL,4,8.222222222222221
RUCKI ZBIGNIEW,1,1.0
RUDNIAK LESZEK,1,5.833333333333333
RUDZINSKI MARIUSZ,4,5.0
RUMIJOWSKA-GALEWICZ ANNA,6,8.8
RUSEK PIOTR,1,6.0
RUSINEK DAGMARA,1,2.0
RUSZAK MONIKA,2,7.6923076923076925
RUSZCZYCKI BLAZEJ,4,10.5
RUSZKOWSKI KAZIMIERZ,4,4.0
RUTA HUBERT,4,4.0
RUTKOWSKI ADAM,3,1.0
RUTKOWSKI PIOTR,5,4.5
RYBA-ROMANOWSKI WITOLD,2,1.6
RYBKA JACEK,5,19.647058823529413
RYCHLEWSKI LESZEK,17,9.333333333333334
RYDZYNSKI KONRAD,5,6.0
RYMOWICZ WALDEMAR,13,4.0
RYMS MICHAL,1,2.0833333333333335
RYPNIEWSKI WOJCIECH,6,5.555555555555555
RYSZ JAKUB,1,17.736842105263158
RYTCZAK PRZEMYSLAW,1,4.454545454545454
RZACA MAREK,1,1.0
RZESKA ALICJA,1,1.2592592592592593
RZESKI WOJCIECH,11,4.2
RZONSOWSKA MONIKA,6,43.19047619047619
RZYCZNIAK MIROSLAW,4,5.333333333333333
RZYMAN WITOLD,3,8.222222222222221
RZYMSKI TOMASZ,23,26.5
SABALA IZABELA,7,9.0
SABISZ MICHAL,7,13.916666666666666
SADECKA KATARZYNA,2,4.571428571428571
SADOWSKA MARIA,2,2.0
SADOWSKI JAROSLAW,1,2.9285714285714284
SAJ PIOTR,4,14.5
SAJKOWSKI MICHAL,1,2.5
SAKOWICZ BARTOSZ,2,3.909090909090909
SALAMON DOMINIKA,2,11.714285714285714
SALASA MICHAL,8,1.0
SALEWSKA NATALIA,11,22.545454545454547
SAMBORSKI RAFAL,1,9.666666666666666
SAMBORSKI TOMASZ,2,4.571428571428571
SAMOCHOCKA KRYSTYNA,5,126.0
SAMOCHOWIEC JERZY,4,4.875
SAMOJLOWICZ CEZARY,4,32.25
SANKOWSKI DOMINIK,1,9.6
SARAMOK MAGDALENA,3,5.9411764705882355
SASHUK VOLODYMYR,1,24.0
SATALA GRZEGORZ,12,14.571428571428571
SAWICKI JACEK,1,3.3333333333333335
SAWLEWICZ PAWEL,5,22.5
SCHMIDT JERZY,1,28.0
SCHNEIDER GABRIELA,1,1.0
SCHROEDER JERZY,4,2.3333333333333335
SCHULZ PATRYCJA,1,24.0
SCIAZKO MAREK,9,5.0
SEBZDA TADEUSZ,6,4.333333333333333
SEDELNIK NATALIA,4,7.5
SEKALSKI PRZEMYSLAW,1,8.181818181818182
SEKULA ROBERT,16,13.076923076923077
SEKULAR MARIOLA,6,23.25
SEROWIK MALGORZATA,2,1.5
SEWERYN KAROL,8,5.125
SIAST JAKUB,14,26.55
SIDORYK KATARZYNA,6,13.0
SIEDLECKI PAWEL,5,22.0
SIEJA-SMAGA ELIZA,2,2.727272727272727
SIEKACZ MARCIN,10,11.882352941176471
SIENCZYK MARCIN,2,8.11111111111111
SIENKIEWICZ BARBARA,3,11.5
SIENKIEWICZ MACIEJ,1,1.5
SIEPAK JERZY,2,5.0
SIERZPUTOWSKI LESZEK,113,68.0
SIEWINSKI MACIEJ,7,4.5
SIKORA ELZBIETA,1,3.5
SIKORA JANUSZ,2,1.0
SIKORA KRZYSZTOF,1,13.5
SIKORSKI ANDRZEJ,5,8.0
SIP ANNA,1,3.0
SIRKO AGNIESZKA,11,5.857142857142857
SITAREK STEFAN,4,16.6
SITARSKA AGNIESZKA,1,1.3333333333333333
SITKOWSKI JERZY,4,8.952380952380953
SIWEK AGATA,6,1.75
SIWEK BOGUSLAW,4,8.0
SIWEK HANNA,12,4.615384615384615
SIWICKI ANDRZEJ,3,2.0
SIWULSKI TOMASZ,1,1.0
SKALIK JOANNA,3,5.833333333333333
SKALSKI ANDRZEJ,3,2.1666666666666665
SKAPSKA SYLWIA,6,2.0
SKIBA JACEK,5,6.5
SKIBINSKI ANDRZEJ,2,1.0
SKIBINSKI JAKUB,1,1.0
SKIBINSKI PIOTR,5,2.6666666666666665
SKIERBISZEWSKI CZESLAW,11,21.615384615384617
SKIERSKI JANUSZ,6,1.375
SKIERUCHA WOJCIECH,5,1.0
SKLADANOWSKI ANDRZEJ,12,17.90909090909091
SKLODOWSKA ALEKSANDRA,12,11.5
SKOCZEN PRZEMYSLAW,8,1.0
SKORENSKI MARCIN,1,5.0
SKORUPINSKA-TUDEK KAROLINA,2,5.666666666666667
SKORUPSKI KRZYSZTOF,2,9.266666666666667
SKOWERSKI KRZYSZTOF,39,32.17142857142857
SKOWICKI MICHAL,2,18.4
SKOWRONEK KRZYSZTOF,21,5.333333333333333
SKRZETUSKA EWA,1,6.681818181818182
SKRZYPSKI MARCIN,7,11.727272727272727
SKUPINSKA MIROSLAWA,3,12.5
SKWARSKA ANNA,4,12.153846153846153
SLAWINSKI GRZEGORZ,2,3.857142857142857
SLEDZINSKI BOHDAN,1,1.0
SLIWA ROMANA,3,5.5
SLIWCZYNSKI ANDRZEJ,2,5.0
SLIWINSKA DOROTA,1,3.4
SLOMKOWSKI STANISLAW,14,6.0
SLOSARCZYK ANNA,6,7.0
SLOWIKOWSKI MATEUSZ,8,1.0
SMIESZEK AGNIESZKA,2,4.0
SMIETANKA KRZYSZTOF,7,11.0
SMIGIERA EWA,9,8.0
SMOLIK JERZY,4,2.5555555555555554
SMOLINSKI TOMASZ,1,9.0
SMORAWINSKA MARIA,8,16.0
SMULKOWSKI MACIEJ,3,19.6
SMYRAK BEATA,2,3.25
SMYRSKI JERZY,3,50.0
SNIEZEK MARCIN,2,10.5
SOBASZEK MICHAL,3,2.3333333333333335
SOBCZAK JANUSZ,7,1.0
SOBCZAK JERZY,18,2.0
SOBCZAK NATALIA,5,1.2
SOBCZUK HENRYK,3,2.7142857142857144
SOBCZYK MATEUSZ,3,3.0
SOBECKA KATARZYNA,5,16.0
SOBIAK STANISLAW,9,4.0
SOBKOWSKI MICHAL,4,5.052631578947368
SOBOL MARCIN,1,26.0
SOBOLEWSKI ALEKSANDER,6,25.0
SOBON GRZEGORZ,1,2.8857142857142857
SOBOTA MICHAL,2,7.0
SOBOTA PIOTR,3,4.125
SOCHACKA JOLANTA,1,1.0
SOJKA ZBIGNIEW,10,6.25
SOJKA-LEDAKOWICZ JADWIGA,5,1.9047619047619047
SOKOLOWSKA EMILIA,5,4.0
SOKOLOWSKA-WEDZINA ALEKSANDRA,1,2.736842105263158
SOKOLOWSKI KAMIL,7,4.0
SOLECKA JOLANTA,6,6.545454545454546
SOSIN ZBIGNIEW,12,1.0
SOSNOWSKA DOROTA,2,2.0
SOSNOWSKA MARTA,2,10.666666666666666
SOSNOWSKI STANISLAW,14,12.0
SOSNOWSKI TOMASZ,12,1.0
SOSZYNSKI MICHAL,1,8.0
SOTOR JAROSLAW,1,2.2666666666666666
SOVINSKA SVITLANA,1,1.0
SOWINSKA MARTA,2,6.0
SPADLO MARIAN,7,15.0
SPRYCHA RYSZARD,1,1.0
SPYCHAJ TADEUSZ,2,12.4
SPYCHALA JAROSLAW,9,30.0
SROKA AGNIESZKA,1,5.0
SROKA ZBIGNIEW,1,22.5
SROKA-OLEKSIAK AGNIESZKA,2,4.5
STACHYRA ANNA,8,10.0
STADNIK DOROTA,12,2.3333333333333335
STADNIK JACEK,1,6.0
STALEWSKI WIENCZYSLAW,1,1.0
STANCZYK SZYMON,4,9.666666666666666
STANCZYK TOMASZ,9,17.0
STANGEL-WOJCIKIEWICZ KLAUDIA,1,2.5
STANGIERSKA ANNA,1,2.5
STANIAK HENRYK,2,24.0
STANIEWSKI BOGUSLAW,8,3.5
STANISZEWSKA MAGDALENA,9,18.666666666666668
STANKIEWICZ MAREK,11,15.0
STANKIEWICZ OLGIERD,28,33.523809523809526
STANKOWSKI JAKUB,21,27.784313725490197
STARON JAKUB,2,7.0
STARON KRZYSZTOF,1,1.0
STAROSTKA PAWEL,10,3.0
STASINSKI JANUSZ,1,2.0
STASIUK MARIA,1,9.0
STASZEWSKI WIESLAW,5,5.0
STAWARSKI MICHAL,5,7.2
STAWINSKI JACEK,6,4.0
STEC BRONISLAW,1,1.0
STEC SEBASTIAN,16,4.9
STEC WOJCIECH,54,16.0
STEC ZBIGNIEW,12,10.0
STECKA KRYSTYNA,9,1.0
STECKO SEBASTIAN,7,7.071428571428571
STEFANIAK FILIP,23,28.0
STEFANIUK TOMASZ,1,8.0
STEFANSKA BARBARA,27,22.818181818181817
STELMACHOWSKI PAWEL,5,7.0
STEPANENKO YURIY,4,2.6052631578947367
STEPIEN KAROL,8,21.6
STEPIEN RYSZARD,6,6.6521739130434785
STEPNIEWSKI JACEK,9,4.0
STEPNIK MACIEJ,6,5.0
STERZYNSKI TOMASZ,2,9.6
STOBINSKI LESZEK,7,6.636363636363637
STOCZYNSKA-FIDELUS EWELINA,14,10.6
STOKOWA-SOLTYS KAMILA,1,2.2962962962962963
STOLARCZYK ARTUR,4,4.714285714285714
STOLARCZYK ELZBIETA,4,5.0
STOLARZ ZOFIA,8,9.666666666666666
STRANKOWSKA JUSTYNA,1,4.5
STRANKOWSKI MICHAL,3,2.8333333333333335
STREK WIESLAW,33,10.789473684210526
STRUCK-LEWICKA WIKTORIA,2,4.142857142857143
STRUPINSKI WLODZIMIERZ,16,3.5652173913043477
STRUS MAGDALENA,23,14.45
STRUSZCZYK HENRYK,92,36.0
STRZALKA WOJCIECH,10,8.857142857142858
STRZELECKI HENRYK,3,2.3333333333333335
STRZEZEK KRYSTYNA,8,32.0
STUDZIAN MACIEJ,2,6.130434782608695
STUPAKIEWICZ ANDRZEJ,1,1.0
STYPIK BARTOSZ,1,23.25
SUCHORAB ZBIGNIEW,3,5.666666666666667
SUCHORSKA-WOZNIAK PATRYCJA,1,1.0
SUCHY DARIUSZ,1,6.0
SUCHY JANINA,8,24.333333333333332
SULAK KONRAD,3,5.571428571428571
SULIKOWSKI DANIEL,26,12.2
SULIMA MAGDALENA,4,3.6666666666666665
SURAZYNSKI ARKADIUSZ,1,1.8333333333333333
SURMA ZBIGNIEW,1,2.3181818181818183
SURMACZ PAWEL,3,5.0
SURMACZ-CHWEDORUK WERONIKA,1,9.15625
SUSEK WALDEMAR,1,1.0
SUSKI TADEUSZ,34,22.0
SUWALSKI PIOTR,6,2.75
SWIDERSKA-SRODA ANNA,2,10.461538461538462
SWIERCZEK KONRAD,1,78.25
SWIERK PIOTR,11,30.5
SWIERNIAK MICHAL,4,1.0
SWIERZKO ANNA,4,7.875
SWIESZKOWSKI WOJCIECH,11,11.166666666666666
SWIETOSLAWSKI JANUSZ,19,2.0
SWORAKOWSKI JULIUSZ,1,4.0
SYBILSKI DARIUSZ,3,2.0
SYLWESTRZAK KRYSTYNA,1,2.0
SYNORADZKI LUDWIK,7,3.933333333333333
SYNOWIEC TOMASZ,2,2.0
SYPEK MACIEJ,1,2.5789473684210527
SYPNIEWSKI MICHAL,2,15.0
SYSA-JEDRZEJOWSKA ANNA,4,1.0
SZADE AGATA,4,4.185185185185185
SZADE KRZYSZTOF,4,4.333333333333333
SZADOWSKI JERZY,5,45.0
SZAFERT SLAWOMIR,8,3.1666666666666665
SZAFRANIEC JOANNA,6,13.8
SZAFRANSKI PRZEMYSLAW,1,6.0
SZALA JANUSZ,2,2.0
SZALANSKI PIOTR,1,4.0
SZAMBORSKA-GBUR AGNIESZKA,2,17.75
SZARLIK STEFAN,6,3.8181818181818183
SZCZAURSKA KATARZYNA,5,21.1
SZCZECINSKI PRZEMYSLAW,14,7.333333333333333
SZCZEPANEK JAN,1,3.388888888888889
SZCZEPANIAK MARCIN,1,3.0
SZCZEPANIK PIOTR,4,7.333333333333333
SZCZEPANIK RYSZARD,8,4.0
SZCZEPANIK WOJCIECH,1,5.0
SZCZEPANIK ZDZISLAW,1,1.0
SZCZEPANKOWSKA AGNIESZKA,3,5.666666666666667
SZCZEPANKOWSKI ANDRZEJ,2,9.0
SZCZESNIAK ALEKSANDRA,1,1.5
SZCZESNIAK EUGENIUSZ,4,2.0
SZCZODRAK JANUSZ,1,1.0769230769230769
SZCZUBIALKA KRZYSZTOF,34,18.09090909090909
SZCZYGIEL MALGORZATA,1,7.5
SZCZYPA JERZY,1,1.1111111111111112
SZECHNER BARBARA,12,8.791666666666666
SZEJA WIESLAW,12,29.476190476190474
SZELEJEWSKI WIESLAW,83,11.76923076923077
SZERENOS KRZYSZTOF,1,1.0
SZEWCZYK BOGUSLAW,23,8.833333333333334
SZEWCZYK DARIUSZ,6,2.5
SZKLARZEWICZ JANUSZ,2,6.714285714285714
SZKODO MAREK,1,1.0
SZKULMOWSKA ANNA,12,24.593023255813954
SZKULMOWSKI MACIEJ,27,23.35
SZLACHCIC ANNA,1,2.6363636363636362
SZLAG DANIEL,2,23.137931034482758
SZLEK ANDRZEJ,1,3.0
SZNITOWSKA MALGORZATA,13,4.125
SZOKALSKA ANGELIKA,6,7.333333333333333
SZOLAJSKA EWA,6,18.0
SZOLTYSIK MAREK,2,8.5
SZOPA ALEKSANDRA,3,18.0
SZOSLAND LIDIA,2,14.166666666666666
SZOSTKIEWICZ LUKASZ,18,18.383561643835616
SZOSTKO BERNADETA,1,17.0
SZOT KATARZYNA,2,3.5454545454545454
SZPENDOWSKI JERZY,4,5.5
SZPONAR BOGUMILA,2,45.333333333333336
SZTABA RYSZARD,1,6.0
SZUBA JERZY,1,1.0
SZUBERT KAROL,9,51.04347826086956
SZUBZDA BRONISLAW,2,6.0
SZULC JAROSLAW,2,12.0
SZUMOWSKI LUKASZ,2,10.428571428571429
SZUSTER-CIESIELSKA AGNIESZKA,1,10.23076923076923
SZUTOWICZ-ZIELINSKA EWA,2,1.0
SZWAST MACIEJ,3,3.857142857142857
SZWEDA PIOTR,2,7.388888888888889
SZWEYKOWSKA-KULINSKA ZOFIA,3,14.0
SZWOCH GRZEGORZ,4,7.866666666666666
SZWUGIER ARKADIUSZ,3,8.0
SZYMANIK MICHAL,6,1.0
SZYMANOWSKI JAN,1,1.0
SZYMANSKA-MICHALAK AGNIESZKA,4,5.4
SZYNKOWSKA MALGORZATA,6,2.0
SZYSZKA JERZY,3,1.5
SZYSZKOWSKA AGNIESZKA,2,2.142857142857143
TABAKOW PAWEL,1,6.714285714285714
TANCZYK MAREK,5,7.352941176470588
TANKIEWICZ-KWEDLO ANNA,1,5.76
TARACH KAROLINA,1,1.5
TARGOSZ JAN,1,4.5
TARGOWSKI PIOTR,15,23.962962962962962
TARKA ALEKSANDRA,1,5.5
TECZA WITOLD,8,14.5
TEISSEYRE HENRYK,4,21.333333333333332
TENDERENDA TADEUSZ,20,17.563636363636363
TEODORCZYK MARIAN,3,2.3333333333333335
TETERYCZ HELENA,1,1.3571428571428572
TIC WILHELM,1,1.0
TKACZ-SMIECH KATARZYNA,1,2.0
TOKARZ ANDRZEJ,2,4.0
TOMASZEWSKA DOROTA,1,2.0
TOMASZEWSKI WACLAW,3,16.5
TOMCZAK JANUSZ,4,7.0
TOMCZYK MATEUSZ,5,4.0
TOMECKI RAFAL,4,4.0
TOMECZEK JERZY,6,1.2222222222222223
TOPORKIEWICZ MONIKA,2,2.6
TROCHOWSKI MATEUSZ,3,11.125
TROJANOWSKA KRYSTYNA,2,2.5
TROJNAR JERZY,61,9.0
TRYBUS WOJCIECH,7,2.0
TRZASKOWSKI BARTOSZ,8,15.3
TRZCINSKA KINGA,3,3.5
TRZCINSKA-DANIELEWICZ JOANNA,1,6.882352941176471
TRZISZKA TADEUSZ,9,5.230769230769231
TRZONKOWSKI PIOTR,4,2.0
TRZYNA MARCIN,4,17.5
TULACZ DOROTA,2,2.0
TUREK MARIAN,1,1.0
TURNAU ANDRZEJ,1,4.0
TWAROWSKA-SCHMIDT KRYSTYNA,2,10.75
TWORAK ALEKSANDER,4,8.4
TYBOROWSKA JOLANTA,1,19.666666666666668
TYBURSKA-STANIEWSKA ANNA,3,11.88888888888889
TYCZEWSKA AGATA,5,6.714285714285714
TYLEK PAWEL,1,2.25
TYLINGO ROBERT,2,6.095238095238095
TYLKI-SZYMANSKA ANNA,7,7.222222222222222
TYMECKA DAGMARA,5,5.421052631578948
TYMICKI EMIL,2,2.2
TYNEK MARIA,1,5.0
TYRALA ANDRZEJ,3,15.0
TYSZKIEWICZ TOMASZ,5,2.0
UCHACZ TOMASZ,3,5.333333333333333
UHL TADEUSZ,5,5.4
ULANSKI JACEK,7,7.0
ULEJCZYK MAREK,1,4.0
URBANCZYK WACLAW,12,7.25
URBANIAK MALGORZATA,4,1.0
URBANIAK-DOMAGALA WIESLAWA,1,6.0
URBANOWICZ ANNA,4,10.5
URBANSKI JAKUB,8,3.0
UZNANSKI BOGDAN,15,16.285714285714285
VOGT ANDRZEJ,18,18.0
WACHNICKI LUKASZ,10,7.809523809523809
WAJMAN RADOSLAW,1,1.0
WAJS JAN,1,1.0
WALAWSKA ANETTA,2,2.5
WALCZAK RAFAL,1,2.0
WALCZAK SYLWIA,1,16.642857142857142
WALCZAK-DRZEWIECKA AURELIA,7,15.043478260869565
WALEJKO PIOTR,6,6.0
WALIGORA BOLESLAW,1,33.333333333333336
WALISIEWICZ-NIEDBALSKA WIESLAWA,2,6.25
WALKOWIAK JEDRZEJ,3,46.666666666666664
WALKOWIAK WOJCIECH,1,1.0
WANDZIK ILONA,1,21.681818181818183
WARMINSKI MARCIN,2,26.0
WARMUZINSKI KRZYSZTOF,9,5.333333333333333
WARYCHA JOANNA,2,2.6153846153846154
WARZYNSKA URSZULA,1,1.0
WASAG HENRYK,2,4.0
WASIAK IGA,6,13.5
WASIELEWSKI ROMAN,2,1.0
WASIK URSZULA,1,1.0
WASILEWSKA EWA,3,3.0
WASILEWSKI PIOTR,2,20.0
WASILEWSKI STANISLAW,1,3.0
WASILEWSKI WOJCIECH,3,1.25
WASZCZUK-JANKOWSKA MALGORZATA,2,2.0
WASZKIELEWICZ ANNA,9,10.666666666666666
WATALA CEZARY,2,2.8
WAWIORKA LESZEK,1,1.0
WAWRO DARIUSZ,16,29.4
WAWRZYNSKA ANNA,6,9.333333333333334
WAWRZYNSKA MAGDALENA,5,2.5
WAZ ADAM,3,2.2
WCISLIK MIROSLAW,3,3.0
WDOWIK TOMASZ,4,28.4
WEBER-DABROWSKA BEATA,34,22.789473684210527
WEDA PAWEL,15,6.0
WEDRYCHOWICZ HALINA,7,9.5
WEGLINSKI BOGUMIL,5,13.8
WEGNER KRZYSZTOF,33,29.46938775510204
WEGNER WOJCIECH,3,4.619047619047619
WEGRZYN ALICJA,7,12.666666666666666
WEGRZYN GRZEGORZ,17,6.6
WEIHER PAULINA,2,6.0
WEISS MARIAN,1,1.0
WENDA MAGDALENA,10,10.75
WESELUCHA-BIRCZYNSKA ALEKSANDRA,2,4.0
WESOLEK DOROTA,4,12.5
WESOLOWSKA ANNA,26,18.75
WETULA ANDRZEJ,4,1.8571428571428572
WEZNER-PTASINSKA MAGDALENA,1,2.3333333333333335
WIATER ADRIAN,1,1.0
WIATRAK BENITA,1,4.0
WIATROWSKA ANETA,8,11.2
WICHA JERZY,9,20.071428571428573
WICIEJOWSKA KATARZYNA,1,12.833333333333334
WICZK WIESLAW,1,14.333333333333334
WIDLAK PIOTR,3,3.0
WIDOMSKI MARCIN,1,3.5
WIECZOREK GRZEGORZ,20,22.0
WIECZOREK WLADYSLAW,19,5.333333333333333
WIELGOSZ ZBIGNIEW,2,12.9375
WIERZBICKA AGNIESZKA,2,2.0
WIERZBICKA CELINA,8,37.0
WIERZBICKI MATEUSZ,3,4.285714285714286
WIERZBICKI ZBIGNIEW,1,1.0
WIERZCHON TADEUSZ,7,1.6666666666666667
WIERZCHOWSKI MARCIN,2,9.0
WIERZCHOWSKI WOJCIECH,3,19.8
WIETRZYK JOANNA,25,11.782608695652174
WIKLIK KATARZYNA,25,20.833333333333332
WIKTORSKA KATARZYNA,4,4.2631578947368425
WILANOWSKI TOMASZ,11,2.25
WILENSKA BEATA,5,5.0
WILK MARCIN,5,2.5
WILK RADOSLAW,1,2.0
WILK RYSZARD,1,1.0
WILUSZ TADEUSZ,18,8.0
WINDAK RENATA,13,20.666666666666668
WINIARSKA MAGDALENA,11,6.8
WINIARSKI JERZY,19,10.0
WINIARSKI WOJCIECH,1,5.0
WINKLER KATARZYNA,1,6.571428571428571
WISIALSKI JERZY,5,10.0
WISNIEWSKA KORNELIA,2,1.0
WISNIEWSKA-WRONA MARIA,20,25.0
WISNIEWSKI BLAZEJ,1,2.0
WISNIEWSKI KAMIL,1,1.0
WISNIEWSKI KRZYSZTOF,11,6.5
WISNIEWSKI LUKASZ,3,8.5
WISNIEWSKI PRZEMYSLAW,9,17.666666666666668
WITEK ADAM,2,6.0
WITEK STANISLAW,10,34.0
WITKIEWICZ WOJCIECH,1,13.9
WITKIEWICZ ZYGFRYD,2,3.3333333333333335
WITKOWSKA ANNA,5,15.6
WITKOWSKA DANUTA,5,7.666666666666667
WITKOWSKI BARTLOMIEJ,9,7.888888888888889
WITKOWSKI DARIUSZ,1,4.8
WITKOWSKI STANISLAW,6,4.0
WITKOWSKI STEFAN,10,7.428571428571429
WITT DARIUSZ,14,12.0
WLADYKA BENEDYKT,2,3.625
WLADYKA-PRZYBYLAK MARIA,4,13.3125
WLODARCZYK JAKUB,8,7.375
WLODARCZYK PRZEMYSLAW,3,3.0
WLOSTOWSKI MAREK,3,12.166666666666666
WNEK MACIEJ,7,38.8
WNUK PAWEL,4,3.5
WNUKIEWICZ JAN,2,6.0
WOJCICKA ANNA,2,2.0
WOJCIECHOWICZ JACEK,9,16.6
WOJCIECHOWSKA HANNA,2,45.5
WOJCIECHOWSKA WANDA,11,6.0
WOJCIECHOWSKI JAN,6,3.0
WOJCIK FRANCISZEK,1,2.5
WOJCIK ROBERT,16,6.555555555555555
WOJCIK WALDEMAR,1,3.3333333333333335
WOJCIK ZBIGNIEW,22,7.0
WOJCIKOWSKA-KAPUSTA ANNA,2,7.75
WOJDA URSZULA,2,2.0
WOJDYLA ARTUR,5,6.666666666666667
WOJNAROWICZ JACEK,3,12.511627906976743
WOJTANOWSKI JACEK,1,2.6363636363636362
WOJTASIK ARKADIUSZ,8,12.0
WOJTKIELEWICZ AGNIESZKA,5,8.0
WOJTKOWSKI MACIEJ,32,24.5
WOJTOWICZ JOANNA,1,5.0
WOJTOWICZ-KRAWIEC ANNA,12,24.0
WOJTYSIAK JAN,10,1.0
WOLINOWSKA RENATA,8,18.142857142857142
WOLKO BOGDAN,4,2.0
WOLKOW PAWEL,3,3.5
WOLOWIEC-KORECKA EMILIA,9,13.0
WOLSZCZAK PIOTR,1,7.0
WOLUNTARSKI MICHAL,3,3.0
WOREK CEZARY,34,6.6
WOZNIAK AGNIESZKA,5,4.666666666666667
WOZNIAK LUCYNA,18,26.4
WOZNICA ZENON,12,1.3333333333333333
WROBEL ANDRZEJ,48,6.5
WROBEL MACIEJ,1,1.0
WROBEL ZYGMUNT,1,4.6923076923076925
WRONKA HALINA,1,1.0
WRZESINSKI JAN,1,1.5714285714285714
WRZESNIEWSKA-TOSIK KRYSTYNA,3,8.4
WRZYSZCZ JOZEF,1,6.0
WUSATOWSKI ROMAN,1,5.0
WYCZOLKOWSKA JANINA,5,15.5
WYROBA ELZBIETA,1,3.8
WYROZUMSKA PAULINA,1,3.8
WYRWISZ JAROSLAW,2,2.0
WYSLOUCH-CIESZYNSKA ALEKSANDRA,5,12.615384615384615
WYSOCKA-SKRZELA BARBARA,22,24.333333333333332
WYSOCKI BARTLOMIEJ,3,1.0
WYSZKO ELIZA,34,18.035087719298247
WYTRWAL MAGDALENA,6,28.583333333333332
ZABCZYK MICHAL,3,6.0
ZABIELSKA-MATEJUK JADWIGA,3,9.777777777777779
ZABIELSKI ROMUALD,6,3.1666666666666665
ZABIEROWSKI PIOTR,1,3.3333333333333335
ZAGORSKA AGNIESZKA,1,21.666666666666668
ZAGORSKI WLODZIMIERZ,6,10.571428571428571
ZAGORSKI-OSTOJA WLODZIMIERZ,18,2.0
ZAGOZDA MARCIN,6,23.25
ZAGOZDZON RADOSLAW,5,3.0
ZAGRODZKA JOANNA,14,15.969696969696969
ZAGRODZKI BOGDAN,10,18.5
ZAHOR MIROSLAW,1,1.0
ZAJAC DOMINIKA,3,3.7142857142857144
ZAJAC MARCIN,12,13.5
ZAJACZEK S,1,1.5
ZAJACZEK STANISLAW,3,22.333333333333332
ZAJDEL PAWEL,19,32.42857142857143
ZAK PATRYCJA,15,6.0
ZAKOWIECKI DANIEL,5,12.6
ZAKROCZYMSKI TADEUSZ,1,1.0
ZAKRZEWSKA MALGORZATA,2,2.6
ZAKRZEWSKA-TRZNADEL GRAZYNA,3,1.5
ZALESKA ADRIANA,9,7.384615384615385
ZALESKA-MEDYNSKA ADRIANA,1,5.074074074074074
ZALEWSKA ALDONA,7,8.5625
ZALEWSKA MAGDALENA,2,5.333333333333333
ZAPALA PIOTR,1,7.0
ZAPOLSKA-DOWNAR DANUTA,1,24.875
ZAREBSKI ADRIAN,17,1.0
ZAROWSKA BARBARA,2,3.1538461538461537
ZASADA FILIP,3,7.290322580645161
ZASADA KATARZYNA,2,24.75
ZATORSKI WOJCIECH,1,11.0
ZAWADZKA ANNA,5,4.5
ZAWADZKA MONIKA,20,1.0
ZAWISZA IZABELA,6,13.0
ZAWORSKA ALICJA,1,22.75
ZAZAKOWNY KAROLINA,5,32.125
ZBROWSKI ANDRZEJ,5,9.076923076923077
ZDZALIK DARIA,16,21.0
ZEBRACKA-GALA JADWIGA,1,1.8461538461538463
ZEGROCKA-STENDEL OLIWIA,33,14.709302325581396
ZEMBEK PATRYCJA,2,1.6153846153846154
ZENKER MAREK,1,3.4
ZEZULA MARTA,3,10.4
ZGUDKA ANNA,6,9.0
ZHENG KUN,284,1.0
ZIABKA MAGDALENA,4,10.0
ZIAJA JAN,2,5.75
ZIARNO MALGORZATA,2,2.3333333333333335
ZIEBA STANISLAW,8,14.428571428571429
ZIELECKA MARIA,10,8.970588235294118
ZIELENKIEWICZ PIOTR,22,6.375
ZIELINSKA DOROTA,2,2.0
ZIELINSKA EWA,4,1.0
ZIELINSKA JOANNA,1,2.0
ZIELINSKA KRYSTYNA,9,5.0
ZIELINSKA-JUREK ANNA,7,8.0
ZIELINSKI DARIUSZ,8,1.0
ZIELINSKI JAN,57,81.5
ZIELINSKI JERZY,7,3.0
ZIELINSKI KRZYSZTOF,5,3.5
ZIELINSKI MARCIN,19,4.0
ZIELONKA KAROL,2,6.0
ZIELONKA MARIA,1,13.0
ZIEMKOWSKA WANDA,1,12.0
ZIENTARA-RYTTER KATARZYNA,6,7.631578947368421
ZIERHOFFER PIOTR,1,1.3333333333333333
ZIETKIEWICZ EWA,1,1.0
ZIMA ANETA,2,5.3125
ZIMECKI MICHAL,14,8.2
ZIMEK ZBIGNIEW,10,7.0
ZIMINSKI TADEUSZ,3,45.0
ZIMNIEWSKA MALGORZATA,3,7.944444444444445
ZIMOCH JOLANTA,1,4.0
ZIOLKO BARTOSZ,14,4.0
ZIOLO EWA,3,11.818181818181818
ZIOLOWICZ ANNA,14,18.022727272727273
ZMIJA JOZEF,3,3.8333333333333335
ZMYWACZYK JANUSZ,2,1.7727272727272727
ZOCHOWSKA MONIKA,9,17.2
ZUBEREK JOANNA,6,22.6
ZUKIEL RYSZARD,4,17.071428571428573
ZUKOWSKA GRAZYNA,9,20.5
ZUROWSKA MAGDALENA,2,24.0
ZWIERZAK ANDRZEJ,1,15.0
ZYBERT MAGDALENA,1,6.625
ZYCH EUGENIUSZ,7,11.833333333333334
ZYGMUNT MAREK,3,2.111111111111111
ZYLKA PAWEL,2,2.0
ZYWICKA ANNA,1,3.6666666666666665
ZYWICKA BOGUSLAWA,2,8.5
ZYZYNSKA-GRANICA BARBARA,8,16.4
